0,3327511,3328184,Cow,
1,3327512,3328184,Trolls,
2,3327516,3328184,Фельдшер ,
3,3658304,3327503,Наборы одеколонов,
4,3658305,3328459,Искусство дарить подарки,
5,3658306,3658305,Наборы одеколонов,
6,3327527,3328184,NONICARE,
7,3327528,3328184,QVS,
8,3327529,3328184,Swiss image,
9,3327531,3327532,The Beautiful Mind,
10,3327533,3328762,Макияж,
11,3327551,3329266,Уход за телом и руками,
12,3327552,3327548,Мужские ароматы,
13,3327557,3327552,Sauvage,
14,3327569,3329138,Интенсивные комплексы,
15,3658301,3658299,скидки до −25%,
16,3327602,3327603,Ароматические эликсиры,
17,3327627,3327628,Лицо,
18,3658299,2976554,азия+уход до −40%,
19,3345097,872901,"DIVINA TERRA, DIVINA BELLEZZA",
20,2832215,2832221,детский уход,
21,3327630,3329165,Губы,
22,2832222,2832364,патчи,
23,3348211,3348210,Brass off,
24,3658300,3658299,скидки до −40%,
25,3327637,3327595,Праймеры для лица и пудры,
26,3327642,3327572,Бестселлеры,
27,3327632,3327603,Уход за кожей,
28,3327644,3329165,Аксессуары,
29,3327645,3327572,Окрашивание для волос ,
30,3327646,3327572,Уход за кожей лица,
31,2832233,2826487,солнечная линия,
32,873100,873925,ногти,
33,3656848,3328704,Свежие Древесные ,
34,3597453,872901,распродажа до −40%,
35,3327675,3328767,PRODIGY REVERSIS,
36,3327676,3328767,RE-PLASTY,
37,3327677,3328767,Макияж,
38,3327678,3328767,Уход,
39,3348190,3348196,Окрашенные,
40,2832266,2832267,шампунь,
41,3328285,3328240,Румяна,
42,3327508,3328459,Бестселлеры,
43,3327742,3327760,ГОММАЖИ И МАСКИ,
44,3327743,3327760,ДЫМКИ,
45,3327744,3327760,ЗАЩИТА,
46,3327745,3327760,КРЕМЫ,
47,3348214,3348210,Keep Me Vivid,
48,3327746,3327760,ЛОСЬОНЫ,
49,3327753,3327754,Лицо ,
50,3327754,3328425,Макияж ,
51,3327773,3328184,Три кота,
52,3362645,3328184,DALI HAUTE PARFUMERIE,
53,3364698,3328184,LUMA,
54,3350843,3328751,Наборы,
55,3350844,3328184,Mr & Mrs Fragrance,
56,3327796,3328184,VIVAL,
57,3658307,3328184,The House of Oud,
58,3327847,3327851,Тон,
59,3658308,872901,магазины ,
60,3658309,872901,подарочные карты,
61,3658310,872901,клиентские дни,
62,3327894,3328184,Azka,
63,3709153,3069297,уход для лица,
64,3709154,3709153,питание и увлажнение,
65,3069286,3069265,отшелушивание,
66,3327982,3328184,Calvin Klein,
67,3327984,3328184,Essence,
68,3327987,3328184,Elfarma,
69,3327992,3328184,Attack,
70,3327995,3328184,Hario Han Meo Ri,
71,3420490,3327983,Подарочные наборы,
72,3420491,3328184,System Professional,
73,3328291,3328184,CASAMORATI,
74,3327534,3327533,Лицо,
75,3327536,3327534,Базы для макияжа,
76,3327537,3328184,Clubman Pinaud,
77,3327538,3328184,OGX,
78,3327996,3328184,SHINE IS,
79,3327997,3328184,ESTESSiMO,
80,3327998,3327751,Подводка/карандаши ,
81,3328001,3328184,Roland,
82,3658311,3328131,Для Мужчин,
83,3658312,3328131,Для Женщин,
84,3328157,3327797,Крем для тела,
85,3328159,3327797,Крем для лица,
86,3328161,3328184,Kwailnara,
87,3658313,3328184,HERMETICA,
88,3658314,3328170,Уход за телом,
89,3328244,3328045,Inforcer,
90,3328245,3328247,Контурные карандаши и подводки,
91,3328247,3328260,Глаза,
92,3419152,3419150,The Colognes Collection,
93,3480017,3480013,How to Beauty: Алексей Жидковский,
94,3658315,3328279,Карандаш для губ,
95,3328585,3328184,Juicy Couture,
96,3327539,3328184,Человек-паук,
97,3327540,3328184,Schwarzkopf Professional,
98,3328284,3328240,Корректор,
99,3420028,3327572,Подарочные наборы,
100,3328289,3328235,Ароматы,
101,3328301,3328184,Malin+Goetz,
102,3328302,3328184,Deoproce,
103,3328303,3328184,DerMeiren,
104,3328305,3328306,Тени для век,
105,3328317,3328315,ДЛЯ ВОЛОС,
106,3328318,3328300,ГРУМИНГ,
107,3328319,3328300,АРОМАТЫ ДЛЯ ДОМА,
108,3328320,3327927,Футляры для Le Rouge,
109,3328322,3328184,SPA,
110,3327525,3328184,Mark Buxton,
111,3327526,3327548,Макияж ,
112,3327704,3329338,BLEU DE CHANEL,
113,3327915,3328184,Purple Tree,
114,3328533,3328184,Petitfee,
115,3328588,3328184,Indola,
116,3328589,3328600,Blue Diamond Collection ,
117,3328590,3328184,IsaDora,
118,3328591,3328184,Lime Crime,
119,3328619,3328184,VILENTA,
120,3328620,3328184,The Skin House,
121,3328621,3329072,Тревел-версии,
122,3328623,3328184,The ORCHID Skin,
123,3328625,3328184,American Crew,
124,3328626,3328184,Wella Professionals,
125,3427075,3427054,Любимчики Кевина,
126,3328636,3328184,Sativa ,
127,3328637,3328640,Princess,
128,3328638,3328184,Ducray,
129,3328639,3328184,DKNY,
130,3328640,3328614,My Kind Of Love,
131,3328641,3328184,Кора,
132,3328642,3328184,GLAMGLOW,
133,3328643,3328614,Дымчатые,
134,3328697,3328184,Giorgio Armani,
135,3658316,3328459,Для тела и душа,
136,3658317,3328459,Для дома,
137,3328716,3328184,Tiret,
138,3658318,3328184,Moresque,
139,3328862,3328838,Ароматы для него,
140,2826485,873189,парфюмерия,
141,2826486,873189,волосы,
142,2826487,873189,уход,
143,2826488,873189,азия,
144,3328885,3327983,Sale,
145,3658319,3328022,Новинки,
146,3328888,3328184,I'M IN LOVE ROSE-HEART,
147,3328889,3327840,Новинки,
148,3328890,3327840,Бестселлеры,
149,3328891,3327840,Гаммы,
150,3329022,3328184,22/11,
151,3329024,3328184,La Miso,
152,3329025,3328184,Himalaya Herbals,
153,3329026,3328751,Женская Парфюмерия,
154,3329027,3328184,Betty Barclay,
155,3329028,3328751,Мужская Парфюмерия,
156,3329041,3328184,AnneMarie Borlind,
157,3329042,3328184,Batiste,
158,3329043,3328184,Neutrogena,
159,3328582,3328184,ART-VISAGE,
160,3328583,3328645,Премиальный уход Absolue ,
161,3329044,3328640,After Sunset,
162,3329045,3328184,BIO World,
163,3482809,872901,распродажа до −52%,
164,3329085,3328184,INITIO PARFUMS PRIVES,
165,3327684,3329338,PLATINUM ÉGOISTE,
166,3327865,3327581,Уход для мужчин,
167,873879,873886,бигуди,
168,3329087,3328184,John Varvatos,
169,3329088,3328184,tntn mom's,
170,3329089,3328184,Joop,
171,3576108,3328184,DEAR DAHLIA,
172,3658320,3328184,ПРОТЕК,
173,3327867,3328184,Mama Comfort,
174,3327868,3328184,Omorovicza,
175,3327869,3328184,Christina Fitzgerald,
176,3480018,3480013,Парень красит девушку: Карина Кросс и Женя Ершов,
177,3328496,3328184,Secret Key,
178,3328498,3328184,MAISON MARGIELA,
179,3328499,3328184,Amouage,
180,3327870,3327581,Замедление появления признаков возраста,
181,3327871,3328184,Leonor Greyl,
182,3327872,3327581,Детоксикация и наполнение энергией,
183,3327880,3328262,Новинки,
184,3327881,3328184,ABSOLUTE NEW YORK,
185,3327883,3328184,Village 11 Factory,
186,3335097,872901,акции,
187,3328580,3328560,The only one ,
188,3658321,3328184,NATROL,
189,3658322,3328184,UNIFORCE,
190,3658323,3328184,Norwegian,
191,3658324,3328184,NOW,
192,3658325,3328184,Благомин,
193,3658326,3328184,ВитаМишки,
194,3658327,3559134,кольца,
195,3658328,3328184,BIOVEA,
196,3658329,3328184,GLOBAL WHITE,
197,3658330,3328184,WATERDENT,
198,3329189,3328642,Маски для лица,
199,3720868,3328184,Folio,
200,3422488,872901,"Yadah, Merbliss, Ground Plan, Huksamsoo",
201,3327886,3328184,Comptoir SUD Pacifique,
202,3327887,3328184,Victoria SHU,
203,3327888,3328184,Dr. Smart,
204,3327891,3328184,Clarette,
205,3327892,3328013,Новинки,
206,3327893,3327905,ULTIMATE DIAMOND COLLECTION,
207,3422444,3328184,DR IRENA ERIS,
208,3425020,3328184,MUTO,
209,3328581,3328572,Light blue pour homme,
210,3328584,3328614,Соблазняющие,
211,3328586,3328645,Бестселлеры ,
212,3327907,3328184,CASTELBAJAC,
213,3328592,3328600,Gold Collection ,
214,3328593,3328221,Кисти + принадлежности,
215,3328594,3328600,Moor Mud Collection ,
216,3328595,3328604,Праймеры ,
217,3328597,3328600,Hydro Mineral Collection ,
218,3328601,3328604,Увлажняющие средства,
219,3328605,3328184,Roberto Cavalli,
220,3328606,3328608,Карандаши для губ,
221,3328607,3328184,Caudalie,
222,3327909,3328184,DEMIDOFF,
223,3327973,3328184,Marlies Moller,
224,3327976,3328184,Bell,
225,3327978,3328184,Gucci,
226,3328701,3328184,Ahava,
227,3328702,3328541,Губы,
228,3328704,3328184,Atelier Cologne,
229,3328705,3328541,Демакияж,
230,3328708,3328541,Кисти,
231,3656847,3328704,Солнечные цитрусовые,
232,3658331,3328184,Благомакс,
233,3658332,3328184,Коллаген Ультра,
234,3646333,3480013,How to Beauty: Валя Карнавал и Лена Богданович,
235,3720869,3328184,Arctic Nutrition AS,
236,3659574,3328184,MASKOHOLIC,
237,3656849,3328704,Утонченные Мускусные ,
238,3656850,3328704,Яркие Цветочные,
239,3656851,3328704,Соблазнительные Ориентальные,
240,3658333,3328704,Банная линия,
241,3656853,3328704,Свечи,
242,3709144,3329163,Для кожи вокруг глаз,
243,3720792,3328184,Misorang,
244,3720793,3328184,Recycle.Object,
245,3658334,3329050,"Уход за кожей губ, шеи, глаз",
246,3659699,3328184,Greenini,
247,3720870,3328184,Osher,
248,3328228,3328048,Сократить ломкость при расчесывании ,
249,3421521,3416256,Выдающиеся коллекции,
250,3421522,3421521,Terre d'Hermès,
251,3420029,3328022,Подарочные наборы,
252,3328287,3328235,Уход за кожей,
253,3328893,3328184,АМRA,
254,3342544,3340476,Сухие и чувствительные,
255,3327910,3328184,BLOM,
256,3327911,3328184,HANIxHANI,
257,3327913,3328184,Monalisa,
258,3327917,3327931,Антивозрастной уход,
259,3327934,3327931,Уход для молодой кожи,
260,3069266,3069265,для ванны и душа,
261,3327956,3328184,Corine de Farme,
262,3327955,3328184,COOLA,
263,3327971,3328184,Cremorlab,
264,3327972,3328184,Expert Professional,
265,3327974,3328184,Funs,
266,3328288,3328287,Уход за телом,
267,3328292,3328184,L:A BRUKET,
268,3328293,3328222,Уход за кожей вокруг глаз,
269,3328294,3328239,Губы,
270,3328295,3328235,Аксессуары,
271,3328296,3328295,Кисти для макияжа,
272,3328298,3328221,Макияж,
273,3328299,3328184,PROMAKEUP Laboratory ,
274,3328300,3328184,LE LABO,
275,3658335,3328184,Sim Sensitive,
276,3328095,3328107,Уход за кожей вокруг глаз и губами,
277,3328147,3328150,Очищение,
278,3328464,3328184,Чистая Линия,
279,3328466,3328184,Dongbang,
280,3117804,3117803,бритвы,
281,3328491,3328184,Salon de Flouveil,
282,3480024,3480013,How to beauty: Лера Фомина (Fomka) и Лена Богданович,
283,3328569,3328184,Splat,
284,3328895,3328184,Make Up Factory,
285,3328898,3328184,Barnängen,
286,3115497,3115502,окрашивание,
287,3328134,3328145,Спрей для укладки,
288,3328136,3328145,Лак,
289,3328139,3328150,Тело,
290,3328143,3328184,Mexx,
291,3348194,3348196,Вьющиеся/непослушные,
292,3328096,3328049,Шоты для маски,
293,3328098,3328049,Маска,
294,3328099,3328184,Pupa,
295,3328100,3328184,Riche,
296,3328101,3328107,Кремы/сыворотки для лица,
297,3328102,3328107,Увлажнение,
298,3328103,3328049,Кондиционер,
299,3329168,3328697,Классические ароматы ,
300,3329171,3328697,Уход,
301,3329173,3328697, Armani Privé,
302,3328367,3328221,Ароматы ,
303,3069279,3069265,для рук,
304,3069280,3069265,для ног,
305,3327983,3328184,NYX Professional Makeup,
306,3327985,3328184,Sergey Naumov,
307,3327986,3328184,Estel,
308,3408894,3328184,HADA LABO,
309,3328093,3328049,Крем ,
310,3328094,3328184,Holika Holika,
311,3328097,3328184,Loewe,
312,3328153,3327797,Гель для душа,
313,3328447,3328184,Дракоша ,
314,3329346,3328184,Nesti Dante,
315,3327728,3327727,ЛАК ДЛЯ НОГТЕЙ,
316,3480009,3480013,Парень красит Девушку: Вася Шакулин и Женя Гришечкина (Smetana TV),
317,3327797,3327781,Тело,
318,3328105,3328049,Шампунь,
319,3328107,3328067,Уход за лицом,
320,3328130,3328145,Пудра ,
321,3328493,3328184,Наша мама,
322,3328500,3328184,Uriage,
323,3328501,3328184,Ex Nihilo,
324,3328565,3328184,Revolution Makeup,
325,3329352,3328184,Naturella,
326,3329353,3328184,Listerine,
327,3329366,3328184,Blithe,
328,3327706,3327723,ЖИДКАЯ ПОМАДА ДЛЯ ГУБ,
329,3348192,3348196,Повреждённые,
330,3327707,3327723,КАРАНДАШИ ДЛЯ ГУБ,
331,3348193,3348196,Сухие/ослабленные,
332,3327708,3327723,ПОМАДА ДЛЯ ГУБ,
333,3348205,3348204,Увлажнение,
334,3348209,3348204,Холодный оттенок,
335,3327740,3327733,Защита от солнца ,
336,3419133,3419132,Twilly d'Hermès ,
337,3328192,3328048,Сохранение цвета окрашенных волос,
338,3328209,3328045,Solar Sublime,
339,3328220,3328045,Liss Unlimited,
340,3328225,3328048,Фиксация,
341,3328226,3329142,Колекция SOLEIL,
342,3421523,3421521,Twilly d’Hermès Eau Poivrée,
343,3416474,3328184,When,
344,3327553,3329266,Для мужчин,
345,3327555,3327550,Dolce Vita,
346,3327556,3327550,Творения Кристиана Диора,
347,3327558,3327568,Блеск и бальзам,
348,3327559,3328184,Secret Nature,
349,3327560,3328184,The Merchant of Venice,
350,3327561,3329138,Кубики льда,
351,3327563,3328184,Bell HYPOAllergenic,
352,3327565,3328184,Nagara,
353,3327566,3327590,Для бровей,
354,3327567,3329139,Для неё,
355,3327568,3327533,Губы,
356,3327541,3328184,Гадкий я,
357,3327542,3329266,Уход за кожей вокруг глаз,
358,3327543,3328184,ReEn,
359,3327544,3329266,Маски и пилинги,
360,3327545,3328184,TECH,
361,3327546,3329266,Очищение и тонизирование,
362,3327547,3329266,Антивозрастной уход,
363,3327548,3328184,Dior,
364,3327550,3327548,Женские ароматы ,
365,3327570,3329138,Сыворотки,
366,3327572,3328184,L’Oreal Paris,
367,3327573,3328184,Lirene,
368,3327574,3329138,Кремы,
369,3327575,3328184,Blend-a-med,
370,3327578,3329138,Очищающие средства и тоники,
371,3327584,3327534,Румяна,
372,3327585,3327550,Miss Dior,
373,3327586,3327534,Хайлайтеры,
374,3327631,3327603,Уход за телом и солнцезащитный уход,
375,3327633,3327619,Блески для губ и пламперы,
376,3327635,3327595,Тональные средства,
377,3327636,3327595,Кушоны,
378,3328577,3328184,Limoni,
379,3328578,3328560,Pour femme ,
380,3328579,3328184,Manly PRO,
381,3328644,3328184,Paese,
382,3328649,3328184,Yves Saint Laurent,
383,3328684,3328184,MBeauty,
384,3427083,3427073,несмываемые уходы,
385,3328694,3328184,Alterna,
386,3328695,3328184,Biore,
387,3327703,3329338,ALLURE HOMME SPORT EAU EXTRÊME,
388,3328698,3329173,Коллекция 1001 NUITS,
389,3328699,3328541,Глаза,
390,3427093,3427074,жесткие,
391,3427094,3427074,вьющиеся,
392,3328739,3328946,Маски,
393,3443007,3328184,ANNAYAKE,
394,3328740,3328946,Основной уход,
395,3328741,3328946,Сыворотки,
396,3328742,3328946,Специальные средства,
397,3557458,3328184,КРЯ КРЯ,
398,3328743,3328946,Уход за телом,
399,3328744,3328184,huangjisoo,
400,3327826,3327821,Сыворотки/Эликсиры,
401,3327850,3327851,Базы под макияж,
402,3327851,3327852,Лицо,
403,3327853,3327839,Мужские ароматы,
404,3327856,3328184,Kids Stuff,
405,3327857,3328184,L.Sanic,
406,3327858,3328184,Cellcosmet & Cellmen,
407,3327859,3327851,Корректирующие средства,
408,3327895,3328013,Бестселлеры,
409,3327896,3327905,REPLENISHING COMFORT COLLECTION,
410,3327897,3328184,Secret day,
411,3327899,3327905,ULTIMATE LIFT AGE-CORRECTING COLLECTION,
412,3327903,3327905,ULTIMATE RENEWAL,
413,3327904,3328184,Histoires de Parfums,
414,3327905,3328210,Коллекции ,
415,3327906,3328184,White Glo,
416,3394362,3328184,RATED GREEN,
417,3480023,3480013,How to Beauty: Маша Миногарова и Лена Богданович,
418,3328155,3327797,Крем для рук,
419,3328156,3327797,Скраб,
420,3328088,3328184,Marc Jacobs,
421,3328109,3328115,Шаг 2: Активный концентрат,
422,3328110,3328051,Поврежденные на солнце,
423,3328112,3328115,Шаг 1: Увлажняющая база,
424,3328113,3328051,Для кожи головы ,
425,3328117,3327797,Грязь мертвого моря,
426,3328131,3329142,Коллекция SIGNATURE,
427,3328627,3329072,Для тела,
428,3328630,3328184,LUTHIONE,
429,3328631,3328640,Boys,
430,3328632,3328184,3W CLINIC,
431,3328634,3328640,Kissing,
432,3328635,3328184,L'ANGELICA,
433,3480029,3480013,Бьюти-эксперимент: парень пробует женские штучки,
434,3328181,3328184,Revlon,
435,3328182,3328048,Натуральный уход,
436,873747,873911,чехлы,
437,3328184,872901,бренды,
438,3328185,3328048,Красивый оттенок блонд,
439,3328186,3328048,Супер объем ,
440,3328189,3328048,Предотвращение выпадения и истончения волос,
441,3328190,3329142,Макияж,
442,3328193,3329142,Спреи для тела,
443,3328162,3328184,Lactoferrin,
444,3328177,3328048,Избавление от сухости волос ,
445,3328178,3328190,Губы,
446,3328179,3328184,Librederm,
447,3328180,3328190,Глаза,
448,3419140,3419137,Equipage,
449,3328204,3328184,MARKWINS,
450,3328205,3328184,skyn ICELAND,
451,3328210,3328765,Re-Nutriv,
452,3328212,3328222,"Маски, отшелушивающие средства",
453,3328213,3328045,Blondifier,
454,3328216,3328222,Восстанавливающие сыворотки,
455,3328219,3328045,Mythic Oil,
456,3329046,3328184,Valmont,
457,3329047,3328184,Taft,
458,3329048,3328184,It's Skin,
459,3329084,3328184,Rexona,
460,3557120,3328184,BANANA REPUBLIC,
461,3559223,3328184,Nothing but Love,
462,3557434,3328184,Babe,
463,3557435,3328184,KPK,
464,3166639,3166638,туалетная вода,
465,3335110,2832283,одеколон,
466,2832289,2832283,парфюмерная вода,
467,2832293,2826485,нишевая парфюмерия,
468,3329198,3328184,Huksamsoo,
469,3329199,3328891,ColorLast,
470,3329201,3328891,HydraSource,
471,3329202,3329345,Double Serum,
472,3329217,3329050,Ночной уход,
473,3329236,3328184,Dr. Vranjes Firenze,
474,3329245,3328891,R.A.W Scalp,
475,3329246,3329050,Масла для лица,
476,3329247,3329163,Очищение и тонизирование,
477,3329254,3329052,Кисти,
478,2832325,2826489,губы,
479,3166644,2832333,карандаш для глаз,
480,2832331,2832333,подводка,
481,3339594,3339596,Объем для тонких волос,
482,3328682,3328184,Calgon,
483,3328896,3328184,Lucas' Papaw Remedies,
484,3328900,3328184,LArte del Bello,
485,3328901,3328184,LE PETIT MARSEILLAIS,
486,3328909,3328184,Finesse ,
487,3328913,3328184,Eco shugaring,
488,3328914,3328184,Dr. Konopka's,
489,3328915,3328184,Naturalium,
490,3328916,3328184,Montcarotte,
491,873837,873821,уход для губ,
492,3480040,3480013,Между нами девочками: Мари Сенн и Фая,
493,3328953,3328184,Lebelage,
494,873889,873805,хайлайтеры,
495,3327604,3329138,Уход за телом,
496,3327606,3328184,Parodontax,
497,3327607,3328649,Новинки,
498,3327608,3328184,Tutti Frutti,
499,3327612,3327533,Кисти,
500,3327618,3328762,Наборы,
501,2832213,2832221,для ног,
502,2832214,2832221,для рук,
503,3329347,3328262,Парфюмерные наборы,
504,3329348,3328184,Mise En Scene,
505,3329349,3328184,Invisibobble,
506,3329350,3328184,Therme,
507,3329351,3328184,Japan Gals,
508,3328083,3328013,Специальное предложение,
509,3328084,3327781,Парфюм,
510,3328085,3327781,Дом,
511,3328086,3328067,Защита от солнца,
512,3328087,3328049,Спрей-уход,
513,3328089,3328067,Уход за телом,
514,3328090,3328049,Сыворотка,
515,3328092,3328107,Маски для лица,
516,3328138,3328613,Наборы,
517,3328146,3328184,Weleda,
518,3348210,3327968,Гаммы,
519,3327741,3327733,Специальный уход ,
520,3408895,3328184,MENTHOLATUM,
521,3328571,3328184,Etro,
522,3328880,3328184,Mein Kleines,
523,3328709,3329165,Лицо,
524,3427091,3427074,поврежденные,
525,3427092,3427074,окрашенны,
526,2832217,2832221,антицеллюлитные и корректирующие средства,
527,2832218,2832221,дезодоранты,
528,2832219,2832221,для душа и ванны,
529,2832220,2832221,для тела,
530,3327679,3328645,Новинки,
531,3345178,3328073,Окрашивание для волос,
532,3345179,3328073,Солнцезащитные средства,
533,3327686,3327685,ГЛАЗА,
534,2514592,873102,тени для бровей,
535,3328140,3328145,Гель,
536,3328141,3328150,Увлаженине,
537,3328142,3328145,Мусс,
538,3328144,3328150,Бритье,
539,3328145,3328049,Стайлинг ,
540,3328149,3328184,Byredo,
541,3328150,3328613,Для мужчин,
542,3328151,3328049,Спрей-камуфляж,
543,3328152,3327797,Мыло твердое,
544,3328154,3327797,Соль мертвого моря,
545,3327549,3329266,Уход за губами,
546,3328566,3328572,Pour homme ,
547,3328108,3328184,Syoss,
548,3329083,3328184,MEIZER,
549,3328561,3328184,Bottega Veneta,
550,3328562,3328306,Карандаши и подводки,
551,3328563,3328184,Colgate,
552,3328564,3328184,Бархатные ручки,
553,3328598,3328604,Очищающие средства ,
554,3328599,3328184,Serge Lutens,
555,3328600,3327868,Коллекции ,
556,3328602,3328184,Curaprox,
557,3328548,3328184,Londa,
558,3328549,3328184,Innisfree,
559,3328679,3328328,Кисти,
560,3328680,3328645,Ароматы,
561,3427079,3427054,Эффект,
562,3328681,3328184,Airwick,
563,3427080,3427073,шампуни,
564,3427081,3427073,кодиционеры,
565,3427082,3427073,маски,
566,3328650,3328610,Очищение,
567,3328651,3328610,Антивозрастной уход,
568,3328652,3328610,Увлажнение и восстановление,
569,3427055,3427054,Новинки,
570,3427076,3427074,нормальные,
571,3427077,3427074,тонкие,
572,3328666,3328610,Уход для тела,
573,3328678,3328645,Уход,
574,3329200,3328097,Эксклюзивно,
575,3329335,3329337,COCO,
576,873891,873805,румяна,
577,3328243,3328247,Тени,
578,3328275,3328276,Женские ароматы,
579,3328281,3328045,Silver,
580,3328324,3328184,Becca,
581,3328325,3328184,THE HARMONIST,
582,3328326,3328184,RUBEUS MILANO,
583,3327687,3327691,Новинки ,
584,3328534,3327548,Capture Totale C.E.L.L. Energy ,
585,3328535,3327548,Dior Forever Skin Correct,
586,3328567,3328184,Escentric Molecules,
587,3328568,3328572,The one for men,
588,3328573,3328184,Veet,
589,3328467,3328184,DiVina Bellezza,
590,3328242,3328045,Pure Resourse,
591,3328894,3328184,Alfaparf Milano,
592,3328958,3328184,Qualita,
593,3328959,3328184,Krygina Cosmetics,
594,3328468,3328184,Sung Bo Cleamy,
595,3328470,3328184,Умная эмаль ,
596,3328471,3328184,ON WHITE,
597,3328475,3328184,Mischa Vidyaev,
598,3328476,3328184,Eat My,
599,3328478,3328184,Mimiang,
600,3328479,3328184,Eco Tools,
601,3328481,3328184,Happy Skin,
602,3328482,3328184,Chanson Cosmetics,
603,3328486,3328184,Redken,
604,3328488,3328184,Luxury Spa Resort,
605,3327688,3327691,Ароматы ,
606,3327692,3328767,Для Губ,
607,3327693,3328767,Для Лица,
608,3327774,3327771,UV ESSENTIEL,
609,3327775,3327771,SOLEIL IDENTITÉ,
610,3327776,3327771,SUBLIMAGE,
611,3327778,3328184,Ambre Solaire,
612,3327779,3328541,Брови,
613,3327908,3328184,Swiss Smile,
614,3328749,3328184,Johnson & Johnson ,
615,3115504,3115502,кондиционер,
616,3328960,3328184,Kerasys,
617,3329012,3328184,Floresan,
618,3329013,3328184,Salvador Dali,
619,3329017,3328184,Kinetics,
620,3329018,3328184,Botany Essentials ,
621,3329019,3328184,Pantene,
622,3329021,3328184,Bruno Banani,
623,3328570,3328572,Intenso ,
624,3328572,3328854,Мужские ароматы ,
625,3328574,3328560,Light blue ,
626,3328575,3328184,Libero,
627,3328576,3328560,Intense ,
628,3328608,3328298,Губы,
629,3328609,3328184,Cutrin ,
630,3328610,3328184,Biotherm,
631,3328612,3328184,Bobbi Brown,
632,3426493,3328184,50 Megumi,
633,3426494,3328184,HELLO GANIC,
634,3426495,3328184,Mi-Ri-Ne,
635,3328613,3328184,Clinique,
636,3426496,3328184,PLU,
637,3427073,3427054,Тип продукта,
638,3328615,3328328,Глаза,
639,3427074,3427054,Тип волос,
640,3328616,3328184,L.A. Girl,
641,3328617,3328184,Лесной бальзам,
642,3328238,3328235,Бестселлеры,
643,3328239,3328235,Макияж,
644,3328240,3328239,Лицо,
645,3328241,3328247,Средство для коррекции бровей,
646,3427095,3427074,для всех типов волос,
647,3328717,3328184,Cillit Bang,
648,3328745,3328184,Sinsation Cosmetics,
649,3328747,3328697,Новинки,
650,873172,873886,резинки,
651,2832221,2826487,уход для тела,
652,3328068,3328051,Выпадение волос,
653,3327532,3328184,MKN,
654,3327510,3328184,Lei,
655,3327718,3327691,Hair Rituel by Sisley,
656,3327783,3329394,УХОД ЗА КОЖЕЙ,
657,3327810,3328612,Щеки,
658,3327873,3328184,Provoc,
659,3328015,3328184,La Biosthetique,
660,3328081,3328184,Axe,
661,3328120,3328184,The Saem,
662,3328172,3328048,Дисциплина волос,
663,3328290,3328184,B&D,
664,3328647,3328614,Коньячные,
665,3328768,3328184,Narciso Rodriguez,
666,3328769,3328184,Hello Beauty,
667,3328842,3328184,SNP,
668,3329102,3328184,4 Skin,
669,3329143,3328184,Frederic Malle,
670,3329154,3328184,Matis,
671,3329250,3328184,Clara's Choice,
672,3329251,3329052,Тон,
673,3329271,3329364,Увлажнение,
674,3342482,3342492,Extreme,
675,3329325,3329394,ПАРФЮМЕРИЯ,
676,3329394,3328184,CHANEL ,
677,3329395,3328184,PATRICE MARTIN,
678,3329396,3328022,Глаза,
679,3327652,3328648,Лицо,
680,3327714,3328184,Adidas,
681,3327747,3327760,СНЯТИЕ МАКИЯЖА И ОЧИЩЕНИЕ,
682,3328078,3328184,Benetton,
683,3328321,3328184,OLEA,
684,3328484,3328184,U.Dry ,
685,3328532,3328184,Mancera,
686,3328648,3328184,Urban Decay,
687,3328770,3328184,GENEVIE,
688,3328771,3328184,Thymes,
689,3328902,3328184,iSprey,
690,3329103,3328184,LOGONA,
691,3329193,3328642,Очищение,
692,3329194,3328642,Макияж,
693,3329255,3329344,SPF 30,
694,3329256,3329344,SPF 50,
695,3340275,3340273,Blond Absolu,
696,3342486,3340476,Вьющиеся и непослушные,
697,3329388,3328184,EVO,
698,3329389,3328184,Purederm,
699,3329390,3328184,Living Proof,
700,3329391,3328184,Marvis,
701,3329392,3328184,Beautyblender ,
702,3329393,3328184,Vichy,
703,3327500,3327983,Палетки,
704,3327562,3328184,Swiss Line,
705,3327685,3329394,МАКИЯЖ,
706,3346350,3328184,Acca Kappa,
707,3327786,3328184,HFC,
708,3327833,3328184,Sophin,
709,3328021,3328184,La Roche-Posay,
710,3328183,3328184,Bourjois,
711,3328234,3328045,Aminexil,
712,3328329,3328328,Лицо,
713,3328346,3328184,BOUGE,
714,3328490,3328184,L'Occitane,
715,3328537,3328856,Бестселлеры,
716,3328797,3328184,HURRAW! ,
717,3328798,3328184,H. Roads,
718,3328799,3328184,Hosa,
719,3328860,3328184,JLuna,
720,3328926,3328184,AHA,
721,3329238,3328184,SUPER BEEZY,
722,3329276,3328184,ARONYX,
723,3329303,3328184,VANISH,
724,3329338,3329325,МУЖСКАЯ ПАРФЮМЕРИЯ,
725,3329342,3328184,3INA,
726,3329343,3328184,Dr.Jart+,
727,3329344,3328713,Солнечная линия,
728,3329345,3328713,Антивозрастной уход,
729,3327501,3327983,Лицо,
730,3327502,3327983,Глаза,
731,3327503,3328459,Ароматы и коллекции,
732,3327504,3327983,Губы,
733,3327505,3327503,Одеколоны,
734,3327507,3328184,David Beckham,
735,3327509,3328184,Salamander,
736,3327611,3327552,Dior Homme,
737,3327614,3328762,CC средства,
738,3327616,3328762,Invisible Illumination,
739,3327617,3327552,Higher,
740,3327619,3327526,Губы,
741,3327620,3327595,Румяна и бронзеры,
742,3327621,3327595,Хайлайтеры,
743,3327622,3327596,Туши для ресниц,
744,3327623,3327596,Тени для век,
745,3327624,3327596,Подводки и карандаши для век,
746,3327625,3327596,Средства для бровей,
747,3327626,3327628,Губы,
748,3327647,3327628,Глаза,
749,3327648,3327597,Лаки для ногтей,
750,3327649,3327597,Маникюр,
751,3327650,3327581,Восстановление и совершенство,
752,3327651,3327581,Комплексный омолаживающий уход,
753,3342522,3342524,Спрей,
754,3327653,3328648,Губы,
755,3327654,3328648,Глаза,
756,3327655,3328648,Палетки,
757,3342523,3342524,Крем,
758,3327656,3329148,Губы,
759,3345018,3328184,Goldfield & Banks,
760,3327681,3329364,Уход за кожей вокруг глаз,
761,3327682,3328767,Для Глаз,
762,3345175,3345118,Антивозрастной уход,
763,3345176,3328073,Уход за волосами,
764,3327683,3329338,ÉGOISTE,
765,3345177,3328073,Дезодоранты,
766,3327713,3328184,Andrea,
767,3327715,3328184,Philips,
768,3327716,3328184,Creed,
769,3327717,3328768,Мужская парфюмерия,
770,3345187,3328073,Уход за  телом,
771,3327719,3327686,БРОВИ,
772,3346351,3328184,Kinexib,
773,3348215,3348210,Texture Games,
774,3348216,3348210,Mega Sleek,
775,3327748,3327760,СПЕЦИАЛЬНЫЙ УХОД ДЛЯ КОЖИ ВОКРУГ ГЛАЗ И ГУБ,
776,3327749,3327753,База под макияж,
777,3327750,3327754,Кисти и аксессуары  ,
778,3327751,3327754,Глаза,
779,3327752,3327754,Губы ,
780,3327781,3328184,Zielinski & Rozen,
781,3327782,3328184,EIGSHOW,
782,3327784,3328184,Ligne St. Barth,
783,3327785,3328184,BABOR,
784,3327787,3328184,L'arvore,
785,3327788,3329342,Кисти и спонжи,
786,3327789,3329342,Брови,
787,3327790,3329342,Глаза,
788,3327791,3329342,Палетки,
789,3327792,3329342,Губы,
790,3327793,3328184,Elan,
791,3327794,3328184,Jardin de Parfums,
792,3327811,3328612,Глаза,
793,3327812,3328612,Губы,
794,3327813,3328612,Лицо,
795,3327814,3327810,Пудры/Хайлайтеры,
796,3327815,3327813,Корректоры и консилеры,
797,3327816,3327810,Бронзирующие пудры,
798,3327818,3327813,Праймеры,
799,3327874,3327581,Увлажнение и сохранение молодости,
800,3327875,3328184,Alexandre J.,
801,3327876,3327581,Осветляющие средства,
802,3327878,3328184,Emanuel Ungaro,
803,3327936,3328184,Charles Worthington,
804,3327942,3328184,Arau. Baby,
805,3327943,3328184,FoodaHolic,
806,3327944,3328184,12 Parfumeurs Francais,
807,3327945,3327548,Dior Xmas,
808,3327946,3327548,Rouge Dior Ultra Rouge,
809,3327947,3328184,The Oozoo,
810,3327948,3327921,Экспертиза в ароматах,
811,3327949,3328184,Bellefontaine,
812,3327950,3328184,Crystal Collagen Gold,
813,3327979,3328184,Clear,
814,3327980,3328642,Наборы,
815,3328025,3328184,Versace,
816,3328027,3328184,Oral-B,
817,3328028,3328184,PresiDENT,
818,3328029,3327750,Футляры ,
819,3328030,3328184,Cartier,
820,3328032,3328184,Hugo Boss,
821,3328036,3328184,Biothal,
822,3328038,3328184,Avajar,
823,3328039,3328184,Shiseido,
824,3328044,3328184,Catrice,
825,3328016,3327751,Тени для век,
826,3328017,3327751,Тушь для ресниц ,
827,3328018,3328184,Gillette,
828,3328019,3327733,Radiance Trio,
829,3328022,3328184,Maybelline New York,
830,3328023,3328184,Teana Laboratories,
831,3328024,3328184,FREEDOM,
832,3390667,3328184,AlterEgo Italy,
833,3328069,3327852,Губы,
834,3328070,3328184,Bvlgari,
835,3328071,3328040,Брови,
836,3328072,3328051,Сухие и ослабленные волосы,
837,3328073,3328184,Garnier,
838,3328074,3328040,Тушь,
839,3328075,3328184,Elizavecca,
840,3328076,3328040,Контурные карандаши и подводки,
841,3328077,3328051,Поврежденные,
842,3328079,3328040,Тени,
843,3328080,3328051,Светлые/осветленные,
844,3328082,3328051,Окрашенные ,
845,3328114,3328184,Luke,
846,3328115,3328067,Clinique ID,
847,3328116,3328051,Седые ,
848,3390873,3328184,INNAMORE,
849,3390874,3328184,VIVAX,
850,3390875,3328184,Пропеллер,
851,3391019,3328184,ATKINSONS,
852,3391020,3328184,THOMAS KOSMALA,
853,3328118,3327798,Шампунь,
854,3328119,3327798,Кондиционер,
855,3328123,3328184,Pigeon,
856,3328164,3328184,Mendittorosa,
857,3419136,3419132,Jour d'Hermès ,
858,3328165,3328184,Kerastase,
859,3328166,3328048,Термозащита,
860,3328168,3328184,Palmers,
861,3328170,3329142,Уход,
862,3328222,3328765,Уход за кожей,
863,3328223,3328048,Текстура ,
864,3328224,3329142,Для Мужчин,
865,3328227,3328184,Payot,
866,3328267,3328279,Помада,
867,3328268,3328240,Бронзеры и Хайлайтеры,
868,3328269,3328239,Глаза,
869,3328270,3328269,Праймер для век,
870,3417938,3328184,La Sultane de Saba,
871,3328271,3328269,Тени,
872,3417939,3328184,SOKOLOV,
873,3328272,3328269,Карандаши и Подводки,
874,3328276,3328765,Ароматы,
875,3328306,3328298,Глаза,
876,3328307,3328297,Корректоры/Хайлайтеры,
877,3328308,3328297,Тональные средства ,
878,3328309,3328297,Пудра,
879,3328310,3328297,Румяна,
880,3328311,3328306,Средства для бровей,
881,3328312,3328184,P A R F É,
882,3328313,3328184,Filippo Sorcinelli,
883,3328314,3328300,АРОМАТЫ,
884,3328315,3328300,ДЛЯ ТЕЛА И ВОЛОС,
885,3328316,3328315,ДЛЯ ТЕЛА,
886,3328335,3328184,Ми-Ми-Мишки,
887,3328336,3328184,DoctorWell,
888,3328337,3328763,Мини-форматы ,
889,3328338,3329195,Genaissance ,
890,3328339,3329195,Тело,
891,3328340,3329195,Очищение и тоники ,
892,3328341,3329195,Особый уход ,
893,3328342,3329195,Маски,
894,3328343,3329195,Сыворотки,
895,3328344,3329195,Глаза,
896,3328345,3329195,Увлажнение ,
897,3328347,3328184,I Heart Revolution,
898,3328348,3328184,Makeup Obsession,
899,3328349,3328184,BARULAB SEOUL,
900,3328350,3328184,МЕДИКА Е,
901,3328351,3328184,Lady's formula,
902,3328352,3328184,Эвалар,
903,3328354,3328184,Супрадин,
904,3328356,3328221,Бестселлеры,
905,3328357,3328763,Наборы,
906,3328358,3328221,Мини-форматы ,
907,3328359,3328608,Уход и праймер ,
908,3328396,3328184,ESTEL Professional,
909,3328397,3328262,Бестселлеры,
910,3328398,3328184,Egomania,
911,3328399,3328984,Губы ,
912,3328400,3328184,XLASH cosmetics,
913,3328401,3328184,Beauu Green,
914,3328402,3328184,BODYOGRAPHY,
915,3328403,3328184,Milrish,
916,3328404,3328184,Nikonorova & Stolyarov,
917,3328405,3328184,MegRhythm,
918,3328406,3327803,Аксессуары,
919,3327634,3327619,Карандаши для губ,
920,3328472,3328184,Я самая,
921,3328473,3328184,Quality 1st,
922,3328503,3328184,WIDIAN,
923,3328550,3328184,Davidoff,
924,3328551,3328184,Gosh,
925,3328552,3328184,Рецепты бабушки Агафьи,
926,3328553,3328184,Rimmel,
927,3328554,3328184,La Perla,
928,3328555,3328541,Бестселлеры,
929,3328556,3328541,Лицо,
930,3328557,3328262,Мужская Парфюмерия,
931,3328558,3328262,Уход KENZOKI,
932,3328559,3328560,Dolce,
933,3328560,3328854,Женские ароматы ,
934,3328669,3328610,Мужской уход,
935,3328670,3328184,SANTE,
936,3328672,3328184,Aveda,
937,3328673,3328184,SCINIC,
938,3328674,3328184,Planeta Organica,
939,3328675,3328645,Макияж,
940,3328676,3328184,COSVERY,
941,3432045,3328184,misoli,
942,3328720,3328184,GoldAppleBOX,
943,3328721,3328184,Botanic Therapy,
944,3328722,3328184,Fructis,
945,3328724,3328184,PAGLIERI 1876,
946,3328726,3328184,CHI,
947,3328727,3327632,Сияние,
948,3328728,3327632,Антивозрастной уход,
949,3328730,3327632,Борьба с пигментацией,
950,3328731,3327632,Питание,
951,3328733,3328184,GA-DE,
952,3328734,3327632,Уход за чувствительной кожей,
953,3427096,3427079,Восстановление,
954,3328718,3328184,ZERO,
955,3427097,3427079,Гладкость,
956,3328719,3328184,Annbeauty,
957,3430566,3328184,Витэкс,
958,3328750,3328184,LAURENT MAZZONE ,
959,3328751,3328184,Guerlain,
960,3328752,3328184,Lock Stock & Barrel,
961,3443009,3328868,Маски,
962,3443010,3328868,Патчи,
963,3443011,3328868,Пэды,
964,3328753,3328946,Очищение,
965,3328755,3328184,Pekah,
966,3328756,3328184,Filodoro,
967,3328758,3328184,Philippe Matignon ,
968,3328760,3328184,Occitane,
969,3328761,3328184,Sebastian Professional,
970,3328762,3328184,Lumene,
971,3328763,3328184,La Mer,
972,3328764,3328184,Cacharel,
973,3328765,3328184,Estée Lauder,
974,3328766,3328184,AUSSIE,
975,3328767,3328184,Helena Rubinstein,
976,3462969,3328184,Mustela ,
977,3328772,3328946,Наборы,
978,3328773,3328946,Детская линия,
979,3328774,3328184,ONE Care,
980,3328775,3328184,BlendSMART,
981,3328788,3328184,Barbasol,
982,3481551,3328184,LABOROTORY Katrin,
983,3328791,3328184,Sisi,
984,3463915,3328184,Mayeri,
985,3328792,3328184,INELDEA,
986,3328793,3328184,PEDIAKID,
987,3328794,3328184,Body Break,
988,3328800,3328184,Dr. Lola,
989,3328776,3328184,Makeup Expert,
990,3527184,3328184,Carine Roitfeld,
991,3328777,3328184,Insight Professional,
992,3328778,3328184,Aravia Laboratories,
993,3328779,3328184,Beauty Style (KPK),
994,3328780,3328184,Cactus,
995,3328781,3328184,Ardell,
996,3328783,3328184,Godefroy,
997,3328785,3328184,Carmex,
998,3328786,3328184,Ecooking,
999,3328809,3328184,Chris Carson,
1000,3468527,3416474,SUPERWHEN,
1001,3328811,3328830,ДЛЯ МУЖЧИН,
1002,3328812,3327730,КИСТИ ДЛЯ ГЛАЗ,
1003,3328813,3328184,Liquides Imaginaires,
1004,3328814,3327797,Мыло жидкое,
1005,3328815,3328572,K by Dolce&Gabbana,
1006,3328816,3328184,L&#039,arvore
1007,3328817,3328184,Royal &amp, Langnickel
1008,3328818,3328184,tntn mom&#039,s
1009,3328819,3328184,HairFood,
1010,3328820,3328184,Galenic,
1011,3328821,3328184,I&#039,m Sorry For My Skin
1012,3328871,3328184,Ground Plan,
1013,3328872,3328240,Праймеры,
1014,3328873,3327646,Антивозрастной уход,
1015,3328874,3327646,Базовый уход,
1016,3328875,3327646,Очищение,
1017,3328876,3327646,Маски,
1018,3328877,3327572,Уход для волос,
1019,3328878,3327572,Мужской уход,
1020,3328879,3328022,Бестселлеры,
1021,3328949,3328184,MERBLISS,
1022,3328950,3328184,Huggies,
1023,3328951,3328184,GHD,
1024,3328952,3328184,LuLuLun,
1025,3328927,3328184,AERIN,
1026,3328931,3328184,Arau,
1027,3328932,3328184,Alvin D'or,
1028,3328933,3328184,Cefine,
1029,3328934,3328184,Bubchen,
1030,3328935,3328184,Briogeo,
1031,3328936,3328184,BeYu,
1032,3328937,3328184,Bigaku,
1033,3328938,3328184,Concept,
1034,3328943,3328184,EKEL,
1035,3328945,3328184,Dry Dry,
1036,3328946,3328184,Dr. Barbara Sturm,
1037,3328947,3328184,Discreet,
1038,3328948,3328184,Hanjang,
1039,3328990,3328184,Pampers,
1040,3328991,3328184,Lakme,
1041,3328992,3328184,Old Spice,
1042,3328993,3328184,Colorista,
1043,3328994,3328184,Finesse,
1044,3328995,3328184,Juliette has a Gun,
1045,3328996,3328184,Ureshino,
1046,3328997,3328184,Issey Miyake,
1047,3328998,3328184,Flacon Magazine,
1048,3328999,3328184,Sally Hansen,
1049,3329000,3328184,Tsururi,
1050,3329003,3328184,Elseve,
1051,3329004,3328184,Topicrem,
1052,3329061,3328184,Daeng Gi Meo Ri,
1053,3329063,3328184,Korres,
1054,3329064,3328184,Berrisom,
1055,3329065,3328184,Green Mama,
1056,3329066,3328184,John Frieda,
1057,3329067,3328184,Biorepair,
1058,3329068,3328184,Pravilnaya Kosmetika,
1059,3329069,3328184,Anskin,
1060,3329070,3328184,Ermenegildo Zegna,
1061,3329072,3328184,Kilian,
1062,3329120,3328184,CHOLLEY,
1063,3329121,3328184,Sexy Hair,
1064,3329122,3328184,R+CO,
1065,3329123,3328184,Laurier,
1066,3329124,3328184,Botavikos,
1067,3489881,3328868,Макияж,
1068,3483987,3328235,Праздничная коллекция,
1069,3505256,3328184,Moroccanoil,
1070,3329126,3328184,Embryolisse,
1071,3329127,3328184,Savonry,
1072,3329128,3328184,SoSu,
1073,3329129,3328184,Franck Boclet,
1074,3329130,3328184,Koelf,
1075,3329131,3328184,Orthia,
1076,3329133,3329145,SOLO,
1077,3335112,3166638,парфюмерная вода,
1078,3329210,3329143,Travel-size,
1079,3329211,3329345,Специальные средства,
1080,3329212,3329050,Очищение и тонизирование,
1081,3329213,3329050,Сыворотки,
1082,2832297,2832293,парфюмерная вода,
1083,3329203,3328184,Michael Kors,
1084,3335111,2832293,туалетная вода,
1085,3329204,3328184,Tommy Hilfiger,
1086,3329205,3327983,Новинки,
1087,3329206,3327983,Аксессуары,
1088,3335114,2832322,тональные средства,
1089,2832321,2832322,праймеры,
1090,3329243,3328891,R.A.W ColorCare,
1091,3329244,3329050,Отшелушивание и маски,
1092,3329249,3328184,9CC,
1093,2832315,2832322,румяна,
1094,2832316,2832322,пудра,
1095,3335113,2832322,бронзеры и контуринг,
1096,2832319,2832322,корректоры и консилеры,
1097,3329261,3329051,Ароматический уход,
1098,3329262,3329051,Для беременных и молодых мам,
1099,3344769,3327685,КОЛЛЕКЦИИ,
1100,3329274,3328184,Crayola,
1101,2832351,2832336,для маникюра,
1102,3329278,3328184,CONSLY,
1103,3340246,3339596,Питание волос,
1104,3329279,3328184,MIN NEW YORK,
1105,3340247,3339596,Дисциплина волоc,
1106,3329280,3328184,SEB MAN,
1107,3340248,3339596,Натуральный уход,
1108,3329281,3328184,Soleaf,
1109,3340249,3327840,Тип волос,
1110,3329282,3328184,Truefitt & Hill,
1111,3340274,3340273,Densifique,
1112,3340244,3340249,Ломкие  и поврежденные,
1113,3340245,3340249,Уход за кожей головы,
1114,3166650,2832345,средства для очистки кистей,
1115,2832368,2832364,сыворотки,
1116,2832370,2832364,антивозрастной уход,
1117,3340280,3340273,Chronologiste,
1118,3340281,3340273,Exstentioniste,
1119,3329334,3329337,CHANCE EAU VIVE,
1120,3329336,3329337,COCO MADEMOISELLE,
1121,3329337,3329325,ЖЕНСКАЯ ПАРФЮМЕРИЯ,
1122,3329339,3329337,ALLURE,
1123,3329340,3329337,ALLURE SENSUELLE,
1124,3329341,3329337,CHANCE,
1125,3329315,3328184,Merries,
1126,3329316,3328184,Bagi,
1127,3329320,3328184,Comet,
1128,3329321,3328184,Dr Beckmann,
1129,3329323,3328184,Baxter of California,
1130,3329324,3328184,Evolut,
1131,3329329,3328184,Принцесса ,
1132,3329332,3329337,CHANCE EAU FRAÎCHE,
1133,3329333,3329337,CHANCE EAU TENDRE,
1134,3329363,3328184,Air Motion,
1135,3329364,3328713,Мужской уход,
1136,3329367,3328184,Vprove,
1137,3329368,3328184,Solomeya,
1138,3329369,3328184,Parfums de Marly,
1139,3329370,3328184,Laboratorium,
1140,3329372,3328184,Milv,
1141,3329373,3328184,Sorme,
1142,3329374,3327983,Бестселлеры,
1143,3329375,3328184,Carefree,
1144,3329376,3328184,Marina de Bourbon,
1145,3329377,3328184,CP-1,
1146,3329379,3328184,Frudia,
1147,3329355,3328184,Etude Organix,
1148,3329357,3328184,Kleenex,
1149,3329358,3329342,Лицо,
1150,3329359,3328184,James Read,
1151,3329360,3328184,100 рецептов красоты,
1152,3329362,3328184,Royal Skin,
1153,3329387,3328184,Naillook,
1154,3327830,3328184,Lucas Cosmetics,
1155,3327595,3327526,Лицо,
1156,3327761,3327771,BLUE SERUM,
1157,3327935,3328184,Cleanic,
1158,3328230,3328184,Beauty Style,
1159,3328273,3328269,Средства для бровей,
1160,3328376,3328184,Fresh Bubble,
1161,3328624,3328184,Farm Stay,
1162,3328822,3328184,Nature Republic,
1163,3328858,3328184,Elastine,
1164,3329116,3328184,BORRELLI,
1165,3328207,3328045,Nutrifier,
1166,3328208,3328210,Уход за кожей,
1167,3329144,3328097,Женские,
1168,3329145,3328097,Мужские,
1169,3329146,3328649,Ароматы,
1170,3327831,3328184,Creightons,
1171,3328065,3328184,Cottage,
1172,3328066,3328184,Moschino,
1173,3328067,3328613,Уход,
1174,3328059,3328184,Missha,
1175,3328060,3328051,Тонкие ,
1176,3328062,3328051,Плотные,
1177,3328064,3328051,Вьющиеся/непослушные,
1178,3328169,3328048,Восстановление баланса кожи головы,
1179,3328171,3328184,DNC,
1180,3328173,3329142,Ногти,
1181,3328174,3328184,Organic Shop,
1182,3328175,3328178,Коллекция Boys&Girls,
1183,3328176,3328184,Max Factor,
1184,3328304,3328184,Dicora,
1185,3328430,3328184,MOODmatcher,
1186,3328431,3328184,Montale,
1187,3328452,3328184,Yashinomi,
1188,3328453,3328184,s Skin,
1189,3328454,3328184,Eylure,
1190,3328458,3328184,MJ Care,
1191,3328459,3328184,Jo Malone London,
1192,3328462,3328184,Skindinavia,
1193,3328463,3328184,Green Nova,
1194,3328419,3328184,Beer Shampoo,
1195,3328420,3328184,Bebble,
1196,3328421,3328184,Koelcia,
1197,3328422,3328184,White Organia,
1198,3328424,3328184,Tan Master,
1199,3328425,3328184,CLÉ DE PEAU BEAUTÉ,
1200,3328426,3328184,La Splash,
1201,3328668,3328184,Skinlite,
1202,3328735,3328184,Keiko Mecheri,
1203,3427753,3328184,Hairmony Bio,
1204,3327610,3329138,Маски,
1205,3362646,3328184,Pierre Cardin,
1206,3364602,3328184,Love Beauty & Planet,
1207,3419807,3344769,ПРАЗДНИЧНАЯ КОЛЛЕКЦИЯ 2020. LES CHAINES D’OR DE CHANEL,
1208,2832317,2832322,фиксаторы для макияжа,
1209,873763,873911,сменный флакон,
1210,3327837,3328184,Camay,
1211,3329239,3329051,Моделирующие средства,
1212,3329241,3329051,Укрепляющие средства,
1213,3329242,3329051,Масла для тела,
1214,2832332,2832333,база для макияжа,
1215,2832333,2826489,глаза,
1216,3329259,3329051,Дезодоранты,
1217,3329263,3329364,Антивозрастной уход,
1218,3329264,3329364,Дезодоранты,
1219,3329265,3328184,Индокитай,
1220,3339592,3339596,Сохранение яркости цвета окрашенных волос,
1221,3339593,3339596,Предотвращение выпадения и истончения волос,
1222,3329266,3328762,Уход за кожей,
1223,3327849,3328184,Cotton Club,
1224,3335123,2832325,блеск для губ,
1225,3339564,3339562,Кондиционер,
1226,3329272,3329364,Очищение,
1227,3327912,3327913,Vilhelm Parfumerie,
1228,3328297,3328298,Лицо,
1229,2832340,2832341,гель для бровей,
1230,2832341,2826489,брови,
1231,2832342,2832325,уход для губ,
1232,3335122,2832325,карандаш для губ,
1233,873931,873846,наборы,
1234,3327506,3328184,Mixit,
1235,2832242,2826486,кондиционер,
1236,3327669,3328184,Paco Rabanne,
1237,3342532,3342524,Стайлинг,
1238,3342533,3342524,Термозащита,
1239,3342525,3342540,Молочко,
1240,3342526,3342524,Шампунь,
1241,3342527,3342540,Маска,
1242,3342528,3342524,Кондиционер,
1243,3342529,3342540,Крем,
1244,3342530,3342524,Маска,
1245,3342531,3342540,Масло,
1246,3344704,3328486,Для мужчин,
1247,3335096,2826486,сухой шампунь,
1248,3327680,3328763,Солнце ,
1249,3348219,3348204,Сохранение цвета,
1250,3327760,3327783,ПО КАТЕГОРИЯМ,
1251,3348229,3348210,Vavoom,
1252,3348230,3348210,StyleLink,
1253,3327762,3327771,BODY EXCELLENCE,
1254,3348231,3348210,Oil Wonders,
1255,3327763,3327771,CC CREAM,
1256,3348232,3327968,Новинки,
1257,3327764,3327771,HYDRA BEAUTY,
1258,3348233,3327968,Бестселлеры,
1259,3327765,3327771,LA CRÈME MAIN,
1260,3327766,3327771,LA SOLUTION 10 DE CHANEL,
1261,3327767,3327771,LE BLANC,
1262,3327768,3327771,LE LIFT,
1263,3348234,3348210,So Long Damage,
1264,3364601,3328184,Harpic,
1265,3327829,3327839,Женские ароматы,
1266,3327832,3328184,Rene Furterer,
1267,3327834,3328184,ESTELARE,
1268,3327838,3328184,Blanx,
1269,3327839,3328613,Ароматы,
1270,3327840,3328184,Biolage,
1271,3327841,3328184,KISS New York Professional,
1272,3327842,3328184,Pure Paw Paw,
1273,3327843,3327851,Румяна,
1274,3327844,3328184,Blistex,
1275,3327845,3327851,Пудры,
1276,3327846,3328184,Inoface,
1277,3327828,3327821,Маски,
1278,3327879,3328184,Wet Brush,
1279,3327958,3328184,L.O.C.K.,
1280,3069292,3069289,средства после загара,
1281,3327994,3328184,Aura,
1282,3328045,3328919,Гаммы,
1283,3328046,3328184,R.O.C.S.,
1284,3328047,3328184,Valentino,
1285,3370318,3328184,Golden Lady,
1286,3328048,3328919,Потребность,
1287,3370396,3328184,MiNiMi,
1288,3328049,3328919,Тип продукта ,
1289,3328050,3328184,Seventeen,
1290,3328051,3328919,Тип волос,
1291,3328052,3328184,Черный жемчуг,
1292,3328053,3328184,Wella,
1293,3328055,3328184,Ollin Professional,
1294,3328056,3328184,Durex,
1295,3370319,3328184,HEMP CARE,
1296,3328057,3328184,Sensai,
1297,3328058,3328051,Ломкие,
1298,3328043,3328919,Новинки,
1299,3328158,3327797,Масло для тела,
1300,3328261,3328184,STUDIO,
1301,3328438,3328184,London Labs,
1302,3328441,3328184,NOTE,
1303,3328748,3328184,Suntique,
1304,3329108,3329112,Шаг 2: Отшелушивание,
1305,3329185,3328184,Dettol,
1306,3338495,3328184,Orinbe,
1307,3339565,3339562,Маска,
1308,3329273,3329364,Средства для бритья,
1309,3327615,3327552,Eau Sauvage,
1310,3329252,3329052,Глаза,
1311,3329253,3329052,Губы,
1312,3337288,3328184,LITTLE GREEN,
1313,2832336,2826489,ногти,
1314,3335120,2832341,тушь для бровей,
1315,2832338,2832341,тени для бровей,
1316,3335121,2832341,карандаш для бровей,
1317,3340250,3340249,Выпадение волос,
1318,3342492,3328486,Гаммы,
1319,3329309,3328184,Domestos,
1320,3329384,3328184,Shingmulnara,
1321,3329386,3328184,Lebel,
1322,873928,873846,ногти,
1323,3329380,3328713,Наборы ,
1324,3329381,3328184,Cettua,
1325,3329382,3328184,Double Dare OMG!,
1326,3327576,3328184,Saraya,
1327,3345180,3345118,Маски,
1328,3327730,3327685,КИСТИ И АКСЕССУАРЫ,
1329,3327731,3327733,Базовый уход ,
1330,3327732,3327733,Очищение ,
1331,3327733,3328425,Уход ,
1332,3327734,3328184,Kevyn Aucoin,
1333,2832279,2832267,уход для волос,
1334,2832280,2832267,маски,
1335,3348197,3348196,Седые,
1336,3327735,3327710,КОРРЕКТОР,
1337,3348206,3327968,Тип продукта,
1338,3327736,3327710,ОСНОВА ПОД МАКИЯЖ,
1339,3348207,3348206,Шампунь,
1340,3327737,3327710,ПУДРЫ,
1341,3348208,3348206,Кондиционер,
1342,3327738,3327710,РУМЯНА,
1343,3327739,3327710,ТОНАЛЬНЫЕ СРЕДСТВА,
1344,3327854,3328184,Janeke,
1345,3327898,3328013,Женская парфюмерия,
1346,3327900,3328184,Wish Formula,
1347,3069277,3069265,интимная гигиена,
1348,3069278,3069265,средства с эффектом загара,
1349,3327959,3328184,Binturong,
1350,3327963,3328184,Blend Oud,
1351,3327964,3328184,Royal & Langnickel,
1352,3327965,3328184,EOS,
1353,3327967,3328184,Rocket Soap,
1354,3327968,3328184,Matrix,
1355,3327969,3328184,Rilastil,
1356,3327970,3328184,Always,
1357,3327999,3328184,Lacoste,
1358,3328111,3328184,VIVIENNE SABO,
1359,3328249,3328258,Консилеры,
1360,3328251,3328258,Румяна,
1361,3328252,3328045,Volumetry,
1362,3328253,3328258,Пудра,
1363,3328254,3328045,Tecni.Art,
1364,3328255,3328258,Тональная основа,
1365,3328256,3328045,Steampod,
1366,3328257,3328258,База под макияж,
1367,3328258,3328260,Лицо,
1368,3328259,3328045,Vitamino Color,
1369,3328260,3328765,Макияж,
1370,3328262,3328184,KENZO,
1371,3419149,3419137,The Colognes Collection,
1372,3328263,3328184,TD NEP,
1373,3419150,3416256,Ароматы для него и для нее,
1374,3328264,3328184,ECO Norang,
1375,3419151,3419150,The Gardens-Perfumes Collection,
1376,3328265,3328184,Végétalement Provence,
1377,3328286,3328295,Принадлежности,
1378,3328355,3328184,Vitrum,
1379,3328395,3328184,Iyoub ,
1380,3328524,3328184,CeraVe,
1381,3328525,3328045,INFINIUM,
1382,3328526,3328184,Antonio Banderas,
1383,3328529,3328045,Source,
1384,3328530,3328184,Guam,
1385,3328531,3328045,Sensi Balance,
1386,3328517,3328184,Davines,
1387,3328518,3328184,Scholl,
1388,3115484,3115489,для душа и ванны,
1389,3450961,3328111,ZODIAQUE,
1390,3328886,3328184,MAM,
1391,3328892,3328184,Jordan,
1392,3328917,3328184,Milatte,
1393,3328918,3328184,Jurassic SPA,
1394,3328919,3328184,L’Oréal Professionnel,
1395,3328921,3328184,Красная Линия,
1396,3115496,3115502,сухой шампунь,
1397,3328981,3328184,Rouge Bunny Rouge,
1398,3328982,3328184,Londa Professional,
1399,3328983,3328184,Reach ,
1400,3328984,3328184,Lamel Professional,
1401,3328986,3328184,Elizabeth Arden,
1402,3328987,3328184,Parle Moi De Parfum,
1403,3328988,3328184,Wet n Wild,
1404,3328989,3328184,Пантенол ,
1405,3329005,3328184,Hask,
1406,3329010,3328184,CJ Lion,
1407,3328928,3328184,Adria,
1408,3328974,3328184,Start Epil ,
1409,3328977,3328184,Show Beauty,
1410,3328978,3328184,Physicians Formula,
1411,3328979,3328184,Sanita Plast,
1412,3328980,3328184,Essie,
1413,3480033,3480013,Фортуна Бьюти: Анастасиз & Саша Кэт,
1414,3329135,3328184,Be:Yu,
1415,3340241,3340249,Тонкие,
1416,3329275,3328184,CATSMONG,
1417,3329285,3328184,Burti,
1418,3342538,3342543,Ослабленные,
1419,3342539,3342543,Вьющиеся/непослушные,
1420,3342540,3328165,Тип продукта,
1421,3342541,3342543,Тонкие,
1422,3329312,3328184,Rusalochka,
1423,3329314,3328184,Penaten,
1424,3328217,3328045,Curl Contour,
1425,3328218,3328222,Очищающие/Тонизирующие средства,
1426,3419146,3419132,The Gardens-Perfumes Collection,
1427,3328232,3328184,Frosh,
1428,3419147,3419132,The Colognes Collection,
1429,3117796,3117803,лампа для ногтей,
1430,3328628,3328184,CLOSEUP,
1431,3328629,3328640,Adults,
1432,3328826,3328184,PillingBean,
1433,3328828,3328184,Likato Professional,
1434,3328829,3328184,KONDOR,
1435,3328830,3329325,СРЕДСТВА ДЛЯ ВАННЫ И ТЕЛА,
1436,3328831,3328184,Lip Smacker,
1437,3328833,3328184,STC,
1438,3327758,3327730,КИСТИ ДЛЯ ЛИЦА,
1439,3328126,3328184,Constant Delight,
1440,3328511,3328184,Ла-кри,
1441,3328654,3328184,ELIZABETH ARDEN SKIN CARE,
1442,3427078,3427074,сухие,
1443,3328655,3328184,Armand Basi,
1444,3328656,3328697,Бестселлеры ,
1445,3328657,3328184,Depiltouch Professional,
1446,3328658,3328184,Olaplex,
1447,3328659,3328184,Etude house,
1448,3328660,3328184,Mi&Ko,
1449,3328662,3328184,Noreva,
1450,3328663,3328184,PRO SERIES,
1451,3328664,3328184,Baldessarini,
1452,3328665,3328184,Sandokkaebi,
1453,3328823,3328184,Dessange,
1454,3328825,3328184,QyoQyo,
1455,3328954,3328184,Lazurico,
1456,3328955,3328184,Lavera,
1457,3329327,3328184,Erborian,
1458,873903,873102,гель для бровей,
1459,873905,873059,уход для губ,
1460,3327517,3328184,Ласка,
1461,3327579,3328184,State Of Mind,
1462,3348203,3348206,Термозащита,
1463,3327801,3328184,Elmolu,
1464,3328246,3328045,Pro Fiber,
1465,3328334,3328184,Бак-Сет ,
1466,3427054,3328184,KEVIN.MURPHY,
1467,3329050,3328713,Уход за лицом,
1468,3329053,3328184,Beter,
1469,3482810,3479539,для мужчин,
1470,3329231,3328891,FiberStrong,
1471,873884,873811,карандаш для глаз,
1472,2514591,873811,глиттер,
1473,873885,873811,подводка,
1474,873887,873811,база для макияжа,
1475,3327582,3327534,Пудры,
1476,3327729,3327727,МАНИКЮР,
1477,3327866,3328184,Borodist,
1478,3327952,3328184,Naobay,
1479,3328266,3328184,Yoko,
1480,3328279,3328260,Губы,
1481,3328360,3328608,Блески ,
1482,3328409,3328184,Ora2,
1483,3328737,3328184,LION Thailand,
1484,3329137,3328184,Lee Stafford,
1485,3329138,3328184,Anne Semonin,
1486,3329283,3328184,BALMAIN Paris,
1487,3329284,3328184,Ariel,
1488,3342535,3342543,Окрашенные,
1489,3342536,3342543,Сухие/ломкие,
1490,3342537,3340476,Тонкие,
1491,3329330,3328184,Zenzia,
1492,3329331,3328184,White Secret,
1493,3327705,3327691,Рекомендуем,
1494,3327802,3328184,Brecourt,
1495,3328040,3327852,Глаза,
1496,3328450,3328184,Lactacyd,
1497,3328539,3328184,Shaik,
1498,3329161,3328184,Belita,
1499,3329162,3328184,Real Techniques,
1500,2832326,2832333,тушь для ресниц,
1501,2832327,2832333,тени для век,
1502,3329267,3329266,Увлажнение,
1503,3340242,3340249,Непослушные,
1504,3329292,3328184,Biocos,
1505,3340282,3340273,Elixir Ultime,
1506,3342483,3328486,Потребность,
1507,3327581,3327548,Уход за кожей,
1508,3345117,3328073,Sale,
1509,3327697,3329337,N°19,
1510,3345119,3345118,Очищение,
1511,3327698,3329337,N°5,
1512,3327699,3329050,Уход за кожей губ и шеи,
1513,3327700,3329338,ALLURE HOMME,
1514,3345181,3345118,Проблемная кожа,
1515,3328881,3328184,Prime Kraft,
1516,3328882,3328184,INTELLECTICO,
1517,3328883,3327572,Sale,
1518,3328884,3328022,Sale,
1519,3327694,3328767,COLLAGENIST,
1520,3327695,3328767,FORCE C,
1521,3345118,3328073,Уход за кожей лица,
1522,3327696,3329050,Уход за кожей вокруг глаз ,
1523,3327711,3328184,Duo,
1524,3348213,3348210,Color Obsessed,
1525,3327882,3328184,Colab,
1526,3328091,3328184,Tony Moly,
1527,3327564,3328184,Longa Vita,
1528,873844,873872,воск для волос,
1529,3328653,3328184,Yezihu,
1530,3328845,3328184,Cosmogony,
1531,3329051,3328713,Уход за телом,
1532,3329248,3329163,Дневной уход,
1533,3329299,3328184,Fairy,
1534,3327890,3328184,Lolita Lempicka,
1535,3327966,3328184,Braun,
1536,3328215,3328045,Serioxyl,
1537,3463908,3327754,Коллекционные издания,
1538,3328504,3328184,Lancaster,
1539,3327710,3327685,ЛИЦО,
1540,3328645,3328184,Lancôme,
1541,3328646,3328645,Коллекция ароматов Maison ,
1542,3328795,3328707,Новинки,
1543,3328801,3328184,Yadah,
1544,3328203,3328184,EVO Pantenol,
1545,3329180,3328097,1,
1546,3329181,3328184,SUPERFOOD,
1547,3328031,3327750,Спонжи/пуховки,
1548,3328033,3327750,Кисти ,
1549,3328034,3328184,Johnson & Johnson,
1550,3328035,3327751,Брови ,
1551,3339562,3327840,Тип продукта,
1552,3329257,3329344,Средства после загара,
1553,3339563,3339562,Шампунь,
1554,3329258,3329344,Средства для искусственного загара,
1555,3480037,3480013,Парень красит девушку: Рахим Абрамов и Дина Саева,
1556,3340243,3340249,Сухие,
1557,3328353,3328184,Doppelherz,
1558,3342491,3342492,All Soft Mega,
1559,2514590,873805,бронзеры и контуринг,
1560,873880,873805,корректоры и консилеры,
1561,3327580,3327534,Тональные кремы,
1562,2832223,2832221,уход за полостью рта,
1563,3342521,3342540,шампунь-ванна,
1564,3327638,3328768,Женская парфюмерия,
1565,3327639,3329168,Ароматы для женщин,
1566,3327640,3328184,Happy Moments,
1567,3327798,3327781,Волосы ,
1568,3327799,3328184,LA MAISON DE LA VANILLE,
1569,3327800,3328184,Little Butterfly London,
1570,3328160,3328184,Mizon,
1571,3419144,3419132,Rose Amazone,
1572,3419145,3419132,Hiris,
1573,3328231,3328184,Dizao,
1574,3328233,3328184,Lutumtherapia,
1575,3419148,3419132,Calèche,
1576,3328361,3328608,Помады,
1577,3328391,3328184,Bliss Organic,
1578,3328392,3328184,Korloff Paris,
1579,3328393,3328184,Биокон,
1580,3328394,3328184,Frienvita,
1581,3329214,3328891,OilRenew,
1582,3480039,3480013,How to beauty: Лена Богданович & Натали Ящук,
1583,3340346,3328165,Потребность,
1584,2832363,2832364,очищение и демакияж,
1585,3340347,3340346,Поддержание цвета,
1586,2832364,2826487,уход для лица,
1587,3329286,3328184,Finish,
1588,3340348,3340346,Выпадение волос,
1589,3340349,3340346,Чувствительная кожа головы,
1590,3329288,3328184,MOLECOLA,
1591,3348218,3348204,Восстановление,
1592,3327759,3327730,ДРУГИЕ АКСЕССУАРЫ,
1593,3348220,3348210,Moisture Me Rich,
1594,3327769,3327760,СЫВОРОТКИ,
1595,3348235,3348210,Re-Bond,
1596,3327770,3327760,УХОД ЗА ТЕЛОМ,
1597,3327771,3327783,ПО ЛИНИЯМ,
1598,3327772,3327771,ДРУГОЕ,
1599,3480008,3480013,Бюджетные аналоги люкса: Макияж Барбары Палвин,
1600,3357779,3328184,FLORISTICA,
1601,3327755,3328425,Synactif,
1602,3327756,3327733,Уход за телом ,
1603,3327757,3327733,Supreme,
1604,3348217,3348204,Гладкость,
1605,3419134,3419132,Eau des Merveilles,
1606,3328163,3328184,MEILLEUR,
1607,3419135,3419132,24 Faubourg,
1608,3328327,3328184,SOME BY MI,
1609,3328328,3328184,Dior Backstage,
1610,3328330,3328328,Губы,
1611,3328331,3328184,ELEMIS,
1612,3328332,3328184,Grown Alchemist,
1613,3328333,3328184,ECOLATIER,
1614,3480034,3328184,Papa Care,
1615,3329074,3328184,Angel Schlesser,
1616,3329076,3328184,Dr. Hauschka,
1617,3327689,3327691,Макияж,
1618,3348212,3348210,So Silver,
1619,3328477,3328184,Kotex,
1620,3328538,3328856,Кисти,
1621,3328707,3328184,Mugler,
1622,3419143,3419132,Kelly Calèche,
1623,3328864,3328707,Рефилы,
1624,3328865,3328184,ZaraBrows,
1625,3328866,3328184,True Island,
1626,3328867,3328184,OK Beauty,
1627,3328868,3328184,DARLING*,
1628,3328869,3328184,Sanosan,
1629,3328870,3328184,Snow Buddy,
1630,3329237,3329051,Увлажняющие средства,
1631,3327953,3328184,Freshlight,
1632,3328277,3328262,Женская Парфюмерия,
1633,3328487,3328184,Солнце и Луна,
1634,3328412,3328184,Chamos,
1635,3328677,3328184,Bergamo,
1636,3427098,3427079,Текстура,
1637,3328796,3328184,Advanced Nutrition Programme,
1638,3329014,3328184,SensiDO,
1639,3340273,3328165,Гаммы,
1640,3327596,3327526,Глаза,
1641,3327641,3329168,Ароматы для мужчин,
1642,3327777,3328184,L`ARC,
1643,3328197,3328085,Диффузоры,
1644,3328492,3328184,Anny,
1645,3427100,3427079,Фиксация,
1646,3427167,3427073,окрашивание,
1647,3328738,3328184,Reuzel,
1648,3443005,3328184,Vitateka,
1649,3443006,3328184,ЗдравСити,
1650,3328746,3328184,MODAMO,
1651,3329152,3329144,AURA,
1652,3329197,3328425,Наборы,
1653,3340279,3340273,Soleil,
1654,3342485,3342483,Восстановление,
1655,3342487,3342483,Мужской уход,
1656,3329300,3328184,CLEAN HOME,
1657,3342488,3342483,Гладкость/питание,
1658,3329301,3328184,MEINE LIEBE,
1659,3342489,3340476,Перхоть,
1660,3342490,3342492,Color Extend,
1661,3348191,3348196,Светлые/осветлённые,
1662,3348195,3348196,Тонкие,
1663,3327860,3328184,Deep Depil,
1664,3327861,3327581,Автозагары и Средства защиты от солнца,
1665,3327862,3328184,Plax,
1666,3327863,3327581,Очищение,
1667,3327901,3328013,Мужская парфюмерия,
1668,3328323,3328184,DS,
1669,3328802,3328184,Cosrx,
1670,3329023,3328184,Oribe,
1671,3329195,3328763,Уход,
1672,3340252,3328165,Бестселлеры,
1673,3340476,3328165,Тип волос,
1674,3340477,3340476,"Окрашенные, мелированные и обесцвеченные",
1675,3342480,3328486,Новинки,
1676,3329291,3328184,Tide,
1677,3342481,3328486,Бестселлеры,
1678,2832367,2832364,маски,
1679,2832369,2832364,мужской уход,
1680,2832362,2832354,для глаз,
1681,3340251,3328165,Новинки,
1682,3327583,3327550,J'Adore,
1683,3327643,3327572,Новинки,
1684,3327795,3328184,Lumene Klassikko,
1685,3327902,3327905,ULTIMATE LIFT REGENERATING YOUTH,
1686,3327981,3328642,Travel-size,
1687,3328104,3328107,Очищение и снятие макияжа,
1688,3328106,3328184,STYX,
1689,3419132,3416256,Женские ароматы,
1690,3328236,3328184,COQUILLETE,
1691,3328362,3328356,Уход,
1692,3328451,3328184,Girlz Only,
1693,3328540,3328856,Глаза,
1694,3328712,3328184,Ladys,
1695,3328804,3328184,Paeon,
1696,3328887,3328184,WONDER LAB,
1697,3329029,3328184,Missoni,
1698,3329030,3328751,Макияж,
1699,3329190,3328642,Уход за кожей,
1700,3329233,3329163,Ночной уход,
1701,3342484,3342483,Поддержание цвета,
1702,3329298,3328184,CIF,
1703,3328188,3328184,Contex,
1704,3328967,3328184,Nioxin,
1705,3329136,3328184,Thalgo,
1706,3329140,3328184,FOREO,
1707,3329196,3328763,Макияж,
1708,3329268,3329266,Сияние,
1709,3340237,3339596,Увлажнение волос,
1710,3329269,3329266,Дневной и ночной уход,
1711,3340238,3339596,Многофункциональный уход,
1712,3329270,3329266,Сыворотки,
1713,2832334,2832336,база и топ,
1714,3335119,2832336,лак для ногтей,
1715,3339566,3339562,Несмываемый уход,
1716,3339596,3327840,Потребность,
1717,3339597,3339596,Восстановление поврежденных волос,
1718,3340239,3340249,Окрашенные,
1719,3339595,3339596,Уход за кожей головы,
1720,3342534,3342524,Масло,
1721,3327712,3328184,Secret,
1722,3328000,3328184,Prada,
1723,3328129,3328184,TRESemme,
1724,3328187,3328190,Лицо,
1725,3328248,3328045,Density Advanced,
1726,3328485,3328184,House Lux,
1727,3328806,3328184,Cutem,
1728,3328807,3328184,Cosmetea,
1729,3335124,2832354,для губ,
1730,2832371,2832364,специальный уход,
1731,2832372,2832364,основной уход,
1732,2832353,2832354,для лица,
1733,2832354,2826489,палетки,
1734,3340276,3340273,Nutritive,
1735,3340277,3340273,Resistance,
1736,3340278,3340273,Reflection,
1737,2832360,2826489,аксессуары,
1738,3327589,3327550,Poison,
1739,3327603,3328184,Darphin,
1740,3346352,3328184,Uraala,
1741,3327988,3328184,Fa,
1742,3327990,3328184,TF Cosmetics,
1743,3328132,3328184,Bioderma,
1744,3328198,3328184,Kapous,
1745,3328280,3328247,Тушь,
1746,3328378,3328184,Callicos,
1747,3328495,3328184,Krimle,
1748,3328667,3328184,Enough,
1749,3329158,3328184,Skin79,
1750,3329215,3329050,Дневной уход,
1751,3329216,3328891,R.A.W UpLift,
1752,3327609,3328184,INM,
1753,2832267,2826486,для стилистов,
1754,3328137,3328184,Escada,
1755,3328274,3328269,Тушь для ресниц,
1756,3328363,3328356,Лицо,
1757,3328380,3328184,Lapikka,
1758,3328683,3328184,CELRANICO,
1759,3328757,3328184,Omsa,
1760,3328832,3328184,Nutri Expert,
1761,3329082,3328184,Estrade,
1762,3329169,3328184,Palmolive,
1763,3329230,3328891,KeratinDose,
1764,3329232,3328891,FullDensity,
1765,3329234,3329163,Отшелушивание и маски,
1766,3329235,3329051,Отшелушивание,
1767,3329220,3328891,VolumeBloom,
1768,3329221,3329345,Multi-Active (30+),
1769,3329222,3328891,SmoothProof,
1770,3329223,3329345,Extra-Firming (40+),
1771,3329224,3328891,ScalpSync,
1772,3329225,3329345,Multi-Intensive (50+),
1773,3329226,3328891,Exquisite Oil,
1774,3329227,3329345,Nutri-Lumiere (60+),
1775,3329228,3328891,All-in-One,
1776,3329229,3329050,Hydra-Essentiel,
1777,3327518,3328184,4711 Acqua Colonia,
1778,3327523,3328184,On the Body,
1779,3327600,3327603,Уход за кожей области глаз,
1780,2832212,2832364,уход для губ,
1781,3327601,3327603,Очищение и специальный уход,
1782,3327587,3327550,JOY by Dior,
1783,3327588,3327534,Корректоры,
1784,3327590,3327533,Глаза,
1785,3327591,3327550,Dior Addict,
1786,3327592,3327590,Тушь,
1787,3327593,3327590,Лайнеры и подводки,
1788,3327594,3329139,Для него,
1789,3327597,3327526,Маникюр,
1790,3327598,3327619,Губные помады,
1791,3327599,3327619,Тинты для губ,
1792,3327670,3329337,COCO NOIR,
1793,3345116,3328073,Бестселлеры,
1794,3327671,3329337,CRISTALLE,
1795,3327672,3329337,GABRIELLE CHANEL,
1796,3327674,3328767,POWERCELL,
1797,3327657,3329148,Глаза,
1798,3327658,3329148,Лицо,
1799,3327659,3329146,Ароматы для него,
1800,3327660,3329146,Ароматы для нее,
1801,3342524,3328486,Тип продукта,
1802,3344961,3329052,My Clarins,
1803,3344707,3328486,Желаемый результат,
1804,3344708,3328486,Стайлинг,
1805,3345115,3328073,Новинки,
1806,3327723,3327685,ГУБЫ,
1807,3327724,3327723,БЛЕСК ДЛЯ ГУБ,
1808,2832277,2832267,масло,
1809,3348199,3348206,Маска,
1810,3348200,3348206,Крем,
1811,3327725,3327710,ХАЙЛАЙТЕР,
1812,3348201,3348206,Спрей,
1813,3327726,3327710,МАКИЯЖ С ЭФФЕКТОМ ЕСТЕСТВЕННОГО СИЯНИЯ,
1814,3348202,3348206,Стайлинг,
1815,3327709,3327723,УХОД ЗА ГУБАМИ,
1816,3327720,3327686,ПОДВОДКА ДЛЯ ГЛАЗ,
1817,3327721,3327686,ТЕНИ ДЛЯ ВЕК,
1818,3327722,3327686,ТУШЬ ДЛЯ РЕСНИЦ,
1819,3348196,3327968,Тип волос,
1820,3327808,3327803,Ночные кремы,
1821,3327809,3327803,Дневные кремы,
1822,3327817,3327813,Тональные средства,
1823,3327819,3327821,Увлажнение,
1824,3327820,3327821,Очищение/Тонизирование,
1825,3327821,3328612,Уход за кожей,
1826,3327822,3328262,Специальное предложение,
1827,3327823,3328751,Специальное предложение,
1828,3327824,3327821,Специальный уход,
1829,3327803,3328184,My Blend,
1830,3327804,3327803,Очищающие средства,
1831,3327805,3327803,Средства улучшающие вид кожи,
1832,3327806,3327803,Уход за кожей вокруг глаз,
1833,3327807,3327803,Концентраты,
1834,3327918,3328184,Kocostar,
1835,3327919,3328013,Премиальный уход,
1836,3327920,3328184,Kose Cosmeport,
1837,3327921,3327548,Экспертиза дома Dior,
1838,3327922,3328184,Nivea,
1839,3327923,3328184,Kamill,
1840,3327924,3328184,Pulanna,
1841,3327925,3328184,IQ Beauty,
1842,3327927,3328013,Макияж,
1843,3327928,3327927,Лицо,
1844,3327929,3327927,Глаза,
1845,3327930,3327927,Губы,
1846,3327931,3328013,Уход,
1847,3327932,3327931,Очищение и увлажнение,
1848,3327933,3328184,Tampax,
1849,3328002,3327752,Карандаши ,
1850,3328003,3328184,Dove,
1851,3328004,3327752,Блески ,
1852,3328005,3327752,Бальзамы ,
1853,3328006,3328184,o.b.,
1854,3328007,3327752,Помады ,
1855,3328008,3328184,Chloé,
1856,3328009,3327753,Цветной макияж ,
1857,3328010,3327753,Пудры ,
1858,3328011,3328184,Balenciaga ,
1859,3328012,3327753,Тональные средства ,
1860,3328013,3328184,Givenchy,
1861,3328014,3327753,Корректоры ,
1862,3328121,3328048,Восстановление поврежденных волос,
1863,3328127,3328145,Паста ,
1864,3328128,3329142,Коллекция PRIVATE BLEND,
1865,3328133,3328613,Аксессуары,
1866,3328194,3327798,Кератиновая маска,
1867,3328195,3328084,Духи,
1868,3328196,3328085,Свечи,
1869,3416256,3328184,HERMES,
1870,3328199,3328184,BIELENDA,
1871,3419137,3416256,Мужские ароматы,
1872,3328201,3328184,Via Lata,
1873,3419138,3419137,Terre d'Hermès,
1874,3328202,3328184,City Funny,
1875,3419139,3419137,Voyage d'Hermès ,
1876,3328221,3328184,MAC ,
1877,3328282,3328240,Тональная основа,
1878,3328283,3328240,Пудра,
1879,3328374,3328221,Коллекции ,
1880,3328375,3328367,Turquatic,
1881,3328379,3328184,El'Skin,
1882,3328383,3328184,Pure Smile,
1883,3328384,3328184,La Soyul,
1884,3328364,3328356,Глаза,
1885,3328365,3328356,Губы,
1886,3328366,3328367,Shadescents,
1887,3328368,3328221,Наборы,
1888,3328369,3328374,Studio: Идеальное покрытие,
1889,3328370,3328374,Lightful C: Ровный тон и сияние кожи,
1890,3328371,3328374,Mineralize: Уход + Макияж,
1891,3328372,3328374,Pro Longwear: Стойкий макияж,
1892,3328373,3328374,Prep + Prime: Уход и подготовка к макияжу,
1893,3328387,3328184,Тоника,
1894,3328388,3328184,Moist Diane,
1895,3328390,3328221,Новинки,
1896,3328407,3328184,Lorigine,
1897,3328408,3328184,Tweezerman,
1898,3328410,3328184,Dr. Sea,
1899,3328411,3328984,Лицо,
1900,3328413,3328984,Глаза,
1901,3328414,3328184,Relent,
1902,3328415,3328984,Брови ,
1903,3328416,3328184,Schwarzkopf Henkel,
1904,3328417,3328184,ESSENTIAL PARFUMS PARIS,
1905,3328432,3328184,Tony Guy,
1906,3328433,3328184,Beautydrugs,
1907,3328435,3327810,Румяна,
1908,3328436,3328184,MakeUp Store,
1909,3328437,3328184,Rainbowbeauty,
1910,3328440,3328184,PERIOE,
1911,3328442,3328184,Farms Therapy,
1912,3328443,3328184,REVOLUTION PRO,
1913,3328444,3328184,DentalPRO,
1914,3328445,3328184,Epoux,
1915,3328446,3328184,SHIK,
1916,3328502,3328184,Zinger,
1917,3328506,3328184,Nina Ricci,
1918,3328507,3328184,Shavo Green,
1919,3328508,3328184,Divage,
1920,3328509,3328184,Model Rock Lashes,
1921,3328510,3328184,Miriam Quevedo,
1922,3328512,3328184,La'dor,
1923,3328514,3328184,Sleek MakeUP,
1924,3328515,3328184,Yeauty,
1925,3328519,3328184,Artdeco,
1926,3328520,3328184,Tangle Teezer,
1927,3328521,3328184,Head & Shoulders,
1928,3328522,3328856,Лицо,
1929,3328523,3328184,Proffs,
1930,3328536,3328184,DUFT & DOFT,
1931,3328541,3328184,Make Up For Ever ,
1932,3328542,3328541,Новинки,
1933,3328543,3328184,Levrana,
1934,3328544,3328560,The one ,
1935,3328545,3328184,Miu Miu,
1936,3328546,3328184,4 System,
1937,3328547,3328184,MOMO PURI,
1938,3328603,3327868,Уход за лицом ,
1939,3328604,3328221,Уход за кожей,
1940,3328693,3328184,Acqua di Parma,
1941,3427084,3427073,уход за кожей головы,
1942,3328686,3328184,Mediflower,
1943,3427085,3427073,стайлинги,
1944,3328687,3328184,Natural Cotton,
1945,3427087,3427079,Защита цвета,
1946,3328688,3328184,SILSTAR,
1947,3427088,3427079,Объем и уплотнение,
1948,3427089,3427079,Против выпадения,
1949,3427090,3427079,Сияние,
1950,3328689,3328184,Smith & Cult,
1951,3328690,3328184,Romanovamakeup,
1952,3328691,3328184,White Smile,
1953,3328692,3328184,Chupa Chups,
1954,3328803,3328184,Ph. Drop,
1955,3328805,3328184,LV ,
1956,3328824,3328830,ДЛЯ ЖЕНЩИН,
1957,3328834,3328184,BON PARFUMEUR PARIS,
1958,3328836,3328184,Фиксики,
1959,3328837,3328184,GEV_MUA,
1960,3328838,3328707,Ароматы,
1961,3328839,3328838,Ароматы для неё,
1962,3328843,3328184,MaxClinic,
1963,3328844,3328184,Dyson,
1964,3328846,3328184,Chopard,
1965,3328847,3328184,Filorga,
1966,3328848,3328184,Saborino,
1967,3328849,3328184,INS,
1968,3328850,3328184,Kid Sante,
1969,3328851,3328184,JayJun,
1970,3328853,3329052,Брови,
1971,3328854,3328184,Dolce & Gabbana,
1972,3328856,3328184,Amazing Cosmetics,
1973,3328857,3328184,TREACLEMOON,
1974,3328861,3328184,Organic Kitchen,
1975,3328863,3328707,LES EXCEPTIONS ,
1976,3328961,3328184,Little Devil,
1977,3328964,3328184,Organic People ,
1978,3328965,3328184,Чистюля ,
1979,3328968,3328184,Neo-Ion,
1980,3328969,3328184,Parli Parfum,
1981,3328970,3328184,Miller Harris,
1982,3328973,3328184,OPI,
1983,3329009,3328184,TIGI Bed Head,
1984,3329011,3328184,Sergio Tacchini,
1985,3329094,3328672,Звездные продукты,
1986,3329096,3328672,Стайлинг,
1987,3329097,3328672,Уход для кожи головы,
1988,3329098,3328672,Уход для лица,
1989,3482759,872901,Мужские ароматы на Новый Год,
1990,3329099,3328184,Funny Organix,
1991,3329100,3328184,Cafe Mimi,
1992,3329101,3328672,Уход для тела,
1993,3329104,3329112,Шаг 3: Увлаженине,
1994,3329105,3328184,Lacalut,
1995,3329107,3328184,Dorco,
1996,3515820,3328184,Mades Cosmetics,
1997,3329110,3329112,Шаг 1: Очищение,
1998,3329090,3328184,Cosworker,
1999,3329091,3328184,Klorane,
2000,3329092,3328672,Волосы,
2001,3329093,3328672,Для мужчин,
2002,3329178,3328097,Новинки,
2003,3329179,3328184,RODIAL,
2004,3166638,2826485,мужские ароматы,
2005,3329182,3328184,Dr. Brandt,
2006,3329183,3328184,Stenders,
2007,3329184,3328184,Vera Wang,
2008,3329186,3328184,Nautica,
2009,3329187,3328184,Sensodyne,
2010,3329188,3328184,New Look,
2011,3340240,3340249,Осветленные,
2012,3329277,3328184,Thelavicos Suvia,
2013,2832352,2832336,средства для снятия лака,
2014,3480038,3480013,HOW TO BEAUTY: Александра Поснова и Лена Богданович,
2015,3327701,3329338,ALLURE HOMME ÉDITION BLANCHE,
2016,3327825,3328612,Принадлежности и аксессуары,
2017,3328041,3328919,Бестселлеры ,
2018,3328191,3328184,Memo,
2019,3328449,3328184,laQuale,
2020,2832290,2832283,туалетная вода,
2021,3329218,3328891,R.A.W Nourish,
2022,3329219,3328184,MILANI,
2023,2832323,2832325,губная помада,
2024,3327702,3329338,ALLURE HOMME SPORT,
2025,3328042,3328184,Natura Siberica,
2026,3328685,3328184,MEDIAN,
2027,3328904,3328184,Kracie,
2028,3328907,3328184,Hime Labo,
2029,3328957,3328184,La Prairie,
2030,3329015,3328184,Got2B,
2031,3329111,3328184,Proraso,
2032,3329112,3328613,3-Ступенчатая Система,
2033,3329114,3328184,Ninelle,
2034,3329115,3328649,Бестселлеры,
2035,3327727,3327685,НОГТИ,
2036,3328061,3328184,Avene,
2037,3419141,3419137,Rocabar,
2038,3416473,3328184,L'Alga,
2039,3328710,3328184,WOOLITE,
2040,3328711,3328541,Аксессуары,
2041,3329149,3329144,1,
2042,3329150,3328649,Уход,
2043,3329156,3328648,Новинки,
2044,3329157,3328184,Upakovka,
2045,3329159,3328184,St. Moriz,
2046,3329163,3328713,Уход за молодой кожей,
2047,3329164,3328184,Jigott,
2048,3329165,3328697,Макияж,
2049,3329166,3328184,M. Micallef,
2050,3329167,3327868,Уход за телом ,
2051,3329170,3328763,Бестселлеры,
2052,3515351,3479539,подарочные наборы ,
2053,3329139,3328184,Viktor & Rolf,
2054,3329142,3328184,Tom Ford,
2055,3329147,3329144,SOLO,
2056,3329148,3328649,Макияж,
2057,3345182,3345118,Базовый уход,
2058,3419142,3419137,The Gardens-Perfumes Collection,
2059,3328465,3328184,Cracare,
2060,3328483,3328184,C'bon,
2061,3328713,3328184,Clarins,
2062,2832283,2826485,женские ароматы,
2063,3327628,3327572,Макияж,
2064,3327852,3328613,Макияж,
2065,3328063,3328184,Umi no,
2066,3328135,3328184,Carolina Herrera,
2067,3328235,3328184,Laura Mercier,
2068,3328611,3328306,Тушь для ресниц,
2069,3329031,3328751,Уход за кожей,
2070,3329032,3328751,Новинки,
2071,3329033,3328751,Бестселлеры,
2072,3329034,3328184,Maison Francis Kurkdjian,
2073,3329035,3328184,Gliss Kur,
2074,3329036,3328184,SILVA,
2075,3329039,3328184,Onme,
2076,3329040,3328184,Ciracle,
2077,3327629,3329165,Глаза,
2078,3327691,3328184,Sisley,
2079,3328214,3328222,Увлажняющие кремы,
2080,3328614,3329072,Ароматы,
2081,3329077,3328184,3LAB,
2082,3329078,3328184,Safeguard,
2083,3482758,872901,Женские ароматы на Новый Год,
2084,3329079,3328184,AYOUME,
2085,3329080,3328184,Dentrala,
2086,3329081,3328184,Diptyque,
2087,3479539,872901,идеи для подарков,
2088,3329049,3328713,Новинки,
2089,3329052,3328713,Макияж,
2090,3329055,3328184,JOHNNY'S CHOP SHOP,
2091,3329057,3328184,Nouba,
2092,3329058,3328184,Shary,
2093,3329059,3328184,Eunyul,
2094,3329060,3328184,Rexaline,
2095,3327690,3327691,Лицо,
2096,3348204,3327968,Потребность,
2097,3327827,3327821,"Линия ""Экстра""",
2098,3328237,3328235,Новинки,
2099,3328618,3329072,Рефилы,
2100,3328736,3327632,Увлажнение,
2101,3427099,3427079,Увлажнение,
2102,3328906,3328184,Маленькая Фея,
2103,3482811,3479539,для женщин,
2104,3329117,3328184,Clean & Clear,
2105,3329118,3328184,Мастерская Олеси Мустаевой,
2106,3329119,3328184,Bio-Oil,
2107,3329175,3329145,ESENCIA,
2108,3329176,3329143,Ароматы,
2109,3328732,3328184,IRC,
2110,3329191,3328184,Eveline,
2111,2832245,2826486,шампунь,
2112,3342542,3340476,Повреждённые и ломкие,
2113,3342543,3328486,Тип волос,
2114,3329399,3328184,VERA,
2115,3329397,3328022,Губы,
2116,3329398,3328022,Лицо,
2117,3117792,3117803,фены,
2118,3117793,3117803,щетки для чистки лица,
2119,3069265,3069297,уход для тела,
2120,3117794,3117803,эпиляторы,
2121,2825480,872915,новинки,
2122,2825481,872912,новинки,
2123,873811,873925,глаза,
2124,2825482,872907,новинки,
2125,2825483,872904,новинки,
2126,873812,873820,подводка,
2127,873813,873820,глиттер,
2128,873814,873820,карандаш для глаз,
2129,873815,873820,накладные ресницы,
2130,3117795,3117803,зубные щетки и ирригаторы,
2131,2958029,2958035,уход,
2132,873816,873820,тени для век,
2133,2958030,2958035,макияж,
2134,3117797,3117803,массажеры,
2135,2958031,2958035,парфюмерия,
2136,2958032,2958035,волосы,
2137,2958033,2958035,мужские наборы,
2138,3117799,3117803,приборы для укладки,
2139,3117800,3117799,стайлеры,
2140,2958034,2958035,женские наборы,
2141,3117801,3117799,утюжки,
2142,2958035,2976554,подарочные наборы,
2143,873817,2976554,азия,
2144,873818,2976554,органика,
2145,2825484,873817,новинки,
2146,873819,872904,лицо,
2147,873820,872904,глаза,
2148,3115485,3115489,нишевая парфюмерия,
2149,3115486,3115489,наборы,
2150,873821,872904,губы,
2151,3115487,3115488,уход,
2152,873822,872904,брови,
2153,2826489,873189,макияж,
2154,873824,873871,маски,
2155,873823,873820,тушь для ресниц,
2156,3480984,872901,"L'oreal Paris, Maybelline NY",
2157,873825,873821,база для губ,
2158,873826,873871,скрабы,
2159,872901,,Default Category,
2160,873827,873821,губная помада,
2161,872904,2976554,макияж,
2162,873232,873847,очищение и демакияж,
2163,872907,2976554,уход,
2164,873829,873871,масло,
2165,873828,873821,блеск для губ,
2166,873234,873847,основной уход,
2167,872912,2976554,волосы,
2168,873830,873821,карандаш для губ,
2169,872915,2976554,парфюмерия,
2170,872918,2976554,аксессуары,
2171,3468528,872901,лимитированная новогодняя коллекция GHD,
2172,3069281,3069265,дезодоранты,
2173,3115488,2976554,для мужчин,
2174,3069284,3069265,увлажнение и питание,
2175,3115489,3115488,парфюмерия,
2176,3115490,3115489,мужские ароматы,
2177,873831,872904,ногти,
2178,873832,872904,кисти и спонжи,
2179,3260027,3260030,уход,
2180,873833,872904,палетки,
2181,3260028,3260030,макияж,
2182,3069298,3069297,уход за волосами,
2183,873834,872904,наборы,
2184,873835,872904,аксессуары,
2185,3260129,3260030,волосы,
2186,3260029,3260030,парфюмерия,
2187,2987633,873904,женская парфюмерия,
2188,873836,873871,специальный уход,
2189,873242,873847,специальный уход,
2190,873838,873872,лак для волос,
2191,873244,873847,антивозрастной уход,
2192,873840,873872,пудра для волос,
2193,873839,873822,гель для бровей,
2194,3500368,3480013,How to beauty: Алина Олешев (KisKis) и Лена Богданович,
2195,873842,873872,гель для волос,
2196,873841,873822,карандаш для бровей,
2197,873248,873847,сыворотки,
2198,873843,873822,тени для бровей,
2199,873249,873847,маски,
2200,873845,873822,тушь для бровей,
2201,2796284,873817,хозяйственные товары,
2202,3260030,2976554,тревел-форматы,
2203,3069288,3069297,для детей,
2204,3115491,3115488,для бритья,
2205,3069289,3069297,солнечная линия,
2206,3069290,3069289,средства для защиты лица,
2207,3069291,3069289,средства для защиты тела,
2208,873846,872904,детям,
2209,3069293,3069289,для детей,
2210,873847,872907,уход для лица,
2211,873848,872907,уход для тела,
2212,3139390,872915,для душа и ванны,
2213,873850,872907,наборы,
2214,873851,873805,тональные средства,
2215,3530557,3480013,Свидание вслепую: Александра Кириенко,
2216,873852,873872,паста для волос,
2217,873251,873847,детский уход,
2218,873854,873872,термозащита,
2219,873853,873831,лак для ногтей,
2220,873252,873848,основной уход,
2221,3480031,3480013,Дезодорант или антиперспирант: что выбрать?,
2222,873856,873872,пенка/мусс для волос,
2223,873855,873831,база и топ,
2224,3480020,3480013,Парень красит девушку: Артур Бабич и Аня Покров,
2225,3515360,3480013,Парень красит девушку: Дан Вырлан и Алиса Максони,
2226,873253,873848,для душа и ванны,
2227,873858,873831,средства для снятия лака,
2228,2796248,873848,дезодоранты,
2229,873859,873831,для маникюра,
2230,873860,873872,текстурирующие средства,
2231,2796249,873848,антицеллюлитные и корректирующие средства,
2232,873861,873832,для лица,
2233,873590,873817,маски,
2234,873862,873805,праймеры,
2235,2987634,873904,мужская парфюмерия,
2236,3422251,872901,"Viktor & Rolf, Atelier Cologne, MAISON MARGIELA",
2237,873255,873256,макияж,
2238,873256,872901,новинки,
2239,3503921,872901,"DKNY, Tommy Hilfiger,  Ermenegildo Zegna ",
2240,873866,872912,шампунь,
2241,3422567,872901,Estée Lauder & Aerin,
2242,873868,872912,кондиционер,
2243,873870,872912,сухой шампунь,
2244,3260132,3260030,аптечная косметика,
2245,873871,872912,уход для волос,
2246,3260133,3260030,аксессуары,
2247,873872,872912,стайлинг,
2248,873873,873872,мужской стайлинг,
2249,873874,873832,для глаз,
2250,873259,873848,детский уход,
2251,873876,873832,для губ,
2252,873877,873886,расчески,
2253,2796250,872907,уход за полостью рта,
2254,3557459,872901,"Carolina Herrera, Paco Rabanne",
2255,873878,873832,средства для очистки кистей,
2256,873260,873848,для рук,
2257,873261,873256,уход,
2258,873881,873832,наборы кистей,
2259,873262,873848,для ног,
2260,873883,873833,для лица,
2261,3245756,872918,колготки и носки,
2262,873886,872912,аксессуары,
2263,3541233,872901,"Hugo Boss, Gucci, Calvin Klein",
2264,873888,872912,окрашивание,
2265,873890,872912,профессиональный уход,
2266,873892,873805,пудра,
2267,3557463,3480013,How to Beauty: Клава Кока (Новогодний выпуск),
2268,873893,872915,женские ароматы,
2269,873894,872915,мужские ароматы,
2270,3559130,3559134,пирсинг,
2271,3559131,3559134,серьги,
2272,3559132,3559134,украшения для шеи,
2273,3384479,872901,Matrix и Biolage,
2274,873269,872907,солнечная линия,
2275,873895,873833,для глаз,
2276,2796251,873848,личная гигиена,
2277,873896,873833,для губ,
2278,873897,873834,подарочные наборы,
2279,873899,873834,наборы миниатюр,
2280,873900,873811,тушь для ресниц,
2281,873901,873811,тени для век,
2282,873059,873925,губы,
2283,873902,873102,карандаш для бровей,
2284,873904,872915,нишевая парфюмерия,
2285,3559133,2976554,украшения,
2286,873907,873059,карандаш для губ,
2287,3559134,3559133,ювелирные украшения,
2288,873906,872915,ароматы для дома,
2289,873908,873059,блеск для губ,
2290,3480014,3480013,How to beauty: Карина Karambaby и Лена Богданович,
2291,3559135,3559134,браслеты,
2292,873910,873059,губная помада,
2293,873909,872915,наборы,
2294,873911,872915,аксессуары,
2295,3245751,872918,макияж,
2296,3245757,3245758,отбеливатели и пятновыводители,
2297,873913,873220,масло,
2298,873914,873220,скрабы,
2299,873915,873220,маски,
2300,3559138,3559133,бижутерия,
2301,3390215,3184524,БАДы,
2302,3559139,3559138,браслеты,
2303,3390216,3184524,витамины и минералы,
2304,873917,873173,уход для губ,
2305,3390217,3184524,пробиотики ,
2306,3245758,3245770,средства для стирки,
2307,873102,873925,брови,
2308,3390218,3184524,спортивное питание,
2309,873919,873173,антивозрастной уход,
2310,3245759,3245758,гель для стирки,
2311,873920,873173,сыворотки,
2312,3390357,872901,Sebastian и Seb man,
2313,3245760,3245758,кондиционер для белья,
2314,873921,873173,специальный уход,
2315,3245761,3245758,стиральные порошки,
2316,3559142,3559138,серьги,
2317,3245762,3245758,таблетки и капсулы,
2318,3559143,3559138,украшения для шеи,
2319,873922,873173,основной уход,
2320,873923,873173,очищение и демакияж,
2321,873925,873817,макияж,
2322,3245763,3245768,инвентарь для уборки,
2323,3245764,3245770,для дома,
2324,873927,873846,губы,
2325,3115492,3115487,для тела,
2326,2796332,873176,антицеллюлитные и корректирующие средства,
2327,873933,873176,дезодоранты,
2328,3115493,3115487,для душа и ванны,
2329,3115494,3115487,дезодоранты,
2330,873935,873176,для рук,
2331,873936,873176,для ног,
2332,873682,873950,шампунь,
2333,873937,873176,для тела,
2334,873688,873950,кондиционер,
2335,3115495,3115487,наборы,
2336,3245765,3245770,мытье посуды,
2337,873940,873817,волосы,
2338,873141,873818,уход,
2339,3616579,3480013,Свидание вслепую: Наталина,
2340,3245766,3245765,для посудомоечной машины,
2341,873142,873141,уход для лица,
2342,873942,873142,основной уход,
2343,873944,873176,личная гигиена,
2344,3245767,3245765,жидкие средства для мытья посуды,
2345,873318,873256,парфюмерия,
2346,873946,873176,для душа и ванны,
2347,873320,873256,волосы,
2348,3245768,3245770,для уборки,
2349,873948,873176,уход для полости рта,
2350,3245769,3245768,чистящие и моющие средства,
2351,873950,873818,волосы,
2352,3480021,3480013,Свидание вслепую: Сердар Камбаров,
2353,3245770,2976554,хозтовары,
2354,3409260,3174558,макияж,
2355,3409261,3174558,уход,
2356,3409262,3174558,волосы,
2357,3409263,3174558,парфюмерия,
2358,3658303,872901,распродажа,
2359,873952,873142,специальный уход,
2360,873149,873141,уход для тела,
2361,3115498,3115502,уход для волос,
2362,873955,873142,антивозрастной уход,
2363,3115499,3115502,стайлинг,
2364,873957,873142,маски,
2365,3115500,3115502,наборы,
2366,873958,873142,сыворотки,
2367,873153,873141,наборы,
2368,873959,873142,очищение и демакияж,
2369,873328,873256,азия,
2370,3115501,3115487,для лица,
2371,873727,873904,для душа и ванны,
2372,873960,873819,праймеры,
2373,873961,873819,тональные средства,
2374,3395021,872901,"L'Oréal Paris, Maybelline NY, Garnier",
2375,873965,873149,уход для полости рта,
2376,3344705,872901,"Armand Basi, Angel Schlesser",
2377,873731,873906,ароматические свечи,
2378,3344706,872901,"Maybelline NY, Garnier",
2379,3245775,3245770,мыло,
2380,873966,873819,корректоры и консилеры,
2381,3115502,3115488,волосы,
2382,873968,873149,для тела,
2383,873970,873149,для душа и ванны,
2384,3115503,3115502,шампунь,
2385,873973,873142,мужской уход,
2386,873971,873819,бронзеры и контуринг,
2387,3672618,872901,киберпонедельник,
2388,3480022,3480013,Дочка красит маму: Верона и Олеся,
2389,2832322,2826489,лицо,
2390,3480032,3480013,Сюзанна Варнина и Лена Богданович: Уход за кожей во время и после беременности ,
2391,873170,873950,уход для волос,
2392,873171,873817,уход,
2393,873748,873906,диффузоры,
2394,873174,873940,шампунь,
2395,873173,873171,уход для лица,
2396,873980,873149,для ног,
2397,873176,873171,уход для тела,
2398,873177,873886,заколки,
2399,873178,873940,кондиционеры,
2400,873981,873149,для рук,
2401,873751,873906,наборы,
2402,873181,873886,шпильки и невидимки,
2403,3409301,3174558,аксессуары,
2404,3443008,872901,азиатские эксклюзивы,
2405,873180,872912,наборы,
2406,873183,873886,фены,
2407,3671663,3480013,Парень красит девушку: Люба Бич и Сережа ОМГ,
2408,3168347,873819,кушоны,
2409,873184,873886,щипцы,
2410,3409305,3174558,азия,
2411,3115506,2976554,подарочные наборы,
2412,3463650,3115488,уход за усами и бородой,
2413,3480036,3480013,How to beauty: Катя Адушкина и Лена Богданович,
2414,2832314,2832322,хайлайтеры,
2415,873189,872901,распродажа ,
2416,873761,873911,сменный блок,
2417,2818026,873819,матирующие салфетки,
2418,873200,873886,утюжки для волос,
2419,873202,873888,краска для волос,
2420,873205,872918,кисти и спонжи,
2421,873207,873205,для лица,
2422,873208,873888,тонирование,
2423,873209,873890,шампунь,
2424,3480007,3480013,Отбеливание зубов. Вредно или нет? ,
2425,3174558,2976554,эксклюзивные бренды,
2426,873210,873847,уход для губ,
2427,3179757,3179764,детская гигиена,
2428,3179758,3179764,для душа и ванны,
2429,3179759,3179763,детский уход за волосами,
2430,3179760,3179759,шампуни,
2431,3179761,3179759,кондиционеры,
2432,3179762,3179759,аксессуары,
2433,3179769,3179763,детский макияж,
2434,3417317,2976554,ювелирные украшения,
2435,3245752,872918,парфюмерия,
2436,873219,873890,кондиционер,
2437,873220,873940,уход для волос,
2438,3245753,872918,уход,
2439,873221,873890,маски,
2440,873222,873890,масло,
2441,3335118,2958035,детские наборы,
2442,873224,873890,уход для волос,
2443,3329260,3179763,кормление,
2444,3179763,2976554,детям,
2445,3179764,3179763,детский уход,
2446,3179765,3179764,основной уход,
2447,3278508,2976554,солнцезащитные средства ,
2448,3417318,3417317,пирсинг,
2449,3417319,3417317,серьги,
2450,3417320,3417317,украшения для шеи,
2451,3335098,872901,MAC,
2452,3184524,2976554,БАДы и витамины,
2453,3480025,3480013,Свидание вслепую: Геворг,
2454,3480026,3480013,Подборка самых дорогих продуктов,
2455,3179770,3179763,наборы для детей,
2456,3417321,3417317,браслеты,
2457,2976554,872901,каталог,
2458,3245754,873205,спонжи,
2459,2832345,2826489,кисти,
2460,3218543,3179764,уход за полостью рта,
2461,2832350,2832345,для лица,
2462,3480027,3480013,Всё о коррекции фигуры,
2463,3348240,872901,"L'oreal Paris, NYX, Maybelline NY, Garnier",
2464,3245755,872918,волосы,
2465,873805,873925,лицо,
2466,3480013,,undefined,
2467,3480028,3480013,How to beauty: Инна Судакова и Лена Богданович,
2468,3117803,2976554,техника для красоты,
2469,873806,873819,фиксаторы для макияжа,
2470,3721283,3480013,Свидание вслепую: Даша Кей,
2471,873807,873819,пудра,
2472,874089,873817,патчи,
2473,873808,873819,румяна,
2474,874090,873847,патчи,
2475,873809,873819,хайлайтеры,
2476,3480019,3480013,Адэль Мифтахова и Лена Богданович: Антивозрастной уход,
2477,873810,873820,база для макияжа,
2478,873482,873205,для глаз,
2479,873483,873205,для губ,
2480,873484,873205,средства для очистки кистей,
2481,873485,873205,наборы кистей,
2482,3069297,2976554,аптечная косметика,
